station_id,date,planned_port_hours,outage_port_hours,available_port_hours,occupied_port_hours,fixed_operating_cost
1,2025-01-01,72,1.56092,70.43908,5.84067,5.4
2,2025-01-01,144,0.0453,143.9547,29.81782,10.8
3,2025-01-01,192,1.43713,190.56287,11.46631,14.4
4,2025-01-01,120,4.21236,115.78764,25.65657,9.0
5,2025-01-01,168,2.55043,165.44957,12.39373,12.6
6,2025-01-01,144,0.0306,143.9694,6.52622,10.8
7,2025-01-01,96,1.44847,94.55153,16.95485,7.2
8,2025-01-01,168,5.95477,162.04523,3.56904,12.6
9,2025-01-01,144,0.40369,143.59631,13.88769,10.8
10,2025-01-01,120,0.16032,119.83968,24.06963,9.0
11,2025-01-01,120,0.544,119.456,5.95298,9.0
12,2025-01-01,72,0.8569,71.1431,4.3345,5.4
13,2025-01-01,72,2.68827,69.31173,7.64064,5.4
14,2025-01-01,120,0.15312,119.84688,27.18529,9.0
15,2025-01-01,72,1.36025,70.63975,12.86919,5.4
16,2025-01-01,192,7.73175,184.26825,13.26754,14.4
17,2025-01-01,192,0.00682,191.99318,54.71231,14.4
18,2025-01-01,96,13.10097,82.89903,19.83604,7.2
19,2025-01-01,120,0.004,119.996,13.10645,9.0
20,2025-01-01,168,0.50673,167.49327,5.46031,12.6
21,2025-01-01,96,1.17096,94.82904,3.96031,7.2
22,2025-01-01,96,0.27123,95.72877,4.3832,7.2
23,2025-01-01,120,0.05485,119.94515,6.08045,9.0
24,2025-01-01,96,0.03208,95.96792,6.02359,7.2
1,2025-01-02,72,0.31113,71.68887,6.66107,5.4
2,2025-01-02,144,0.15968,143.84032,17.03212,10.8
3,2025-01-02,192,0.33065,191.66935,16.05608,14.4
4,2025-01-02,120,0.47159,119.52841,34.89017,9.0
5,2025-01-02,168,1.85589,166.14411,11.27641,12.6
6,2025-01-02,144,0.31975,143.68025,5.14948,10.8
7,2025-01-02,96,0.08637,95.91363,10.80792,7.2
8,2025-01-02,168,0.05571,167.94429,7.80888,12.6
9,2025-01-02,144,1.02127,142.97873,7.82367,10.8
10,2025-01-02,120,0.7106,119.2894,29.99391,9.0
11,2025-01-02,120,1.65896,118.34104,7.16262,9.0
12,2025-01-02,72,0.93249,71.06751,10.08268,5.4
13,2025-01-02,72,1.77381,70.22619,8.50076,5.4
14,2025-01-02,120,1.581,118.419,26.16694,9.0
15,2025-01-02,72,2.24982,69.75018,16.71869,5.4
16,2025-01-02,192,0.47453,191.52547,16.14182,14.4
17,2025-01-02,192,0.03621,191.96379,46.88878,14.4
18,2025-01-02,96,0.22874,95.77126,30.67278,7.2
19,2025-01-02,120,0.55683,119.44317,11.57579,9.0
20,2025-01-02,168,3.39304,164.60696,7.26668,12.6
21,2025-01-02,96,0.00441,95.99559,1.39625,7.2
22,2025-01-02,96,0.44411,95.55589,3.50506,7.2
23,2025-01-02,120,0.00133,119.99867,6.09525,9.0
24,2025-01-02,96,6.2217,89.7783,18.42905,7.2
1,2025-01-03,72,3.53351,68.46649,6.72891,5.4
2,2025-01-03,144,1.11094,142.88906,30.38323,10.8
3,2025-01-03,192,0.83224,191.16776,11.67616,14.4
4,2025-01-03,120,0.53297,119.46703,30.31022,9.0
5,2025-01-03,168,0.43336,167.56664,10.06081,12.6
6,2025-01-03,144,3.056,140.944,8.8375,10.8
7,2025-01-03,96,0.03773,95.96227,13.45542,7.2
8,2025-01-03,168,1.25229,166.74771,7.15836,12.6
9,2025-01-03,144,0.09764,143.90236,7.68371,10.8
10,2025-01-03,120,0.34519,119.65481,15.91903,9.0
11,2025-01-03,120,0.02921,119.97079,2.80391,9.0
12,2025-01-03,72,0.10988,71.89012,10.11548,5.4
13,2025-01-03,72,0.56846,71.43154,7.26273,5.4
14,2025-01-03,120,8.37349,111.62651,25.18284,9.0
15,2025-01-03,72,0.34262,71.65738,19.42329,5.4
16,2025-01-03,192,0.59143,191.40857,18.59492,14.4
17,2025-01-03,192,7.5582,184.4418,51.56156,14.4
18,2025-01-03,96,3.31986,92.68014,22.63881,7.2
19,2025-01-03,120,0.42155,119.57845,18.72784,9.0
20,2025-01-03,168,0.47531,167.52469,2.56911,12.6
21,2025-01-03,96,0.5249,95.4751,0.93726,7.2
22,2025-01-03,96,0.59228,95.40772,4.00127,7.2
23,2025-01-03,120,1.23039,118.76961,4.60534,9.0
24,2025-01-03,96,0.62651,95.37349,7.1788,7.2
1,2025-01-04,72,0.37319,71.62681,4.21931,5.4
2,2025-01-04,144,0.66061,143.33939,40.15529,10.8
3,2025-01-04,192,0.19937,191.80063,17.38591,14.4
4,2025-01-04,120,0.27208,119.72792,24.39238,9.0
5,2025-01-04,168,0.558,167.442,8.70831,12.6
6,2025-01-04,144,0.05885,143.94115,10.97935,10.8
7,2025-01-04,96,0.69284,95.30716,10.86605,7.2
8,2025-01-04,168,3.55364,164.44636,5.67406,12.6
9,2025-01-04,144,0.31129,143.68871,5.10168,10.8
10,2025-01-04,120,2.20812,117.79188,26.07416,9.0
11,2025-01-04,120,1.12393,118.87607,8.41944,9.0
12,2025-01-04,72,0.27325,71.72675,13.84571,5.4
13,2025-01-04,72,0.06836,71.93164,7.01345,5.4
14,2025-01-04,120,3.90998,116.09002,35.24599,9.0
15,2025-01-04,72,5.29701,66.70299,23.55947,5.4
16,2025-01-04,192,0.12719,191.87281,17.81596,14.4
17,2025-01-04,192,0.02997,191.97003,52.97841,14.4
18,2025-01-04,96,2.19182,93.80818,17.88922,7.2
19,2025-01-04,120,0.66516,119.33484,13.57648,9.0
20,2025-01-04,168,0.03569,167.96431,2.96559,12.6
21,2025-01-04,96,1.90319,94.09681,3.17473,7.2
22,2025-01-04,96,0.22154,95.77846,7.24207,7.2
23,2025-01-04,120,1.14479,118.85521,10.68591,9.0
24,2025-01-04,96,0.8149,95.1851,15.36992,7.2
1,2025-01-05,72,0.00517,71.99483,6.42538,5.4
2,2025-01-05,144,0.15476,143.84524,30.61023,10.8
3,2025-01-05,192,0.11451,191.88549,13.43897,14.4
4,2025-01-05,120,1.84449,118.15551,21.06921,9.0
5,2025-01-05,168,1.11544,166.88456,11.31374,12.6
6,2025-01-05,144,0.14868,143.85132,5.52444,10.8
7,2025-01-05,96,0.92517,95.07483,16.85758,7.2
8,2025-01-05,168,0.09522,167.90478,3.97292,12.6
9,2025-01-05,144,0.05383,143.94617,3.55109,10.8
10,2025-01-05,120,0.26718,119.73282,23.85597,9.0
11,2025-01-05,120,3.5889,116.4111,8.62354,9.0
12,2025-01-05,72,0.27607,71.72393,11.73574,5.4
13,2025-01-05,72,5.42613,66.57387,10.24512,5.4
14,2025-01-05,120,0.43125,119.56875,29.64142,9.0
15,2025-01-05,72,0.39979,71.60021,11.19922,5.4
16,2025-01-05,192,0.54069,191.45931,13.93981,14.4
17,2025-01-05,192,3.35652,188.64348,49.68926,14.4
18,2025-01-05,96,7.09215,88.90785,19.47713,7.2
19,2025-01-05,120,1.75283,118.24717,24.27093,9.0
20,2025-01-05,168,0.18211,167.81789,5.29179,12.6
21,2025-01-05,96,2.18537,93.81463,2.34488,7.2
22,2025-01-05,96,0.8453,95.1547,3.7239,7.2
23,2025-01-05,120,0.42859,119.57141,6.38679,9.0
24,2025-01-05,96,0.56069,95.43931,15.81394,7.2
1,2025-01-06,72,1.39146,70.60854,2.5368,5.4
2,2025-01-06,144,0.64961,143.35039,34.34876,10.8
3,2025-01-06,192,1.87307,190.12693,9.15071,14.4
4,2025-01-06,120,1.55526,118.44474,28.35833,9.0
5,2025-01-06,168,0.18788,167.81212,10.13007,12.6
6,2025-01-06,144,3.3062,140.6938,7.52255,10.8
7,2025-01-06,96,0.23006,95.76994,16.11341,7.2
8,2025-01-06,168,1.50617,166.49383,9.24952,12.6
9,2025-01-06,144,5.3775,138.6225,5.85659,10.8
10,2025-01-06,120,0.01679,119.98321,18.27323,9.0
11,2025-01-06,120,0.00287,119.99713,9.8206,9.0
12,2025-01-06,72,1.0781,70.9219,16.22181,5.4
13,2025-01-06,72,0.70348,71.29652,4.73621,5.4
14,2025-01-06,120,14.4195,105.5805,33.22746,9.0
15,2025-01-06,72,2.836,69.164,19.02927,5.4
16,2025-01-06,192,1.65185,190.34815,17.32899,14.4
17,2025-01-06,192,2.35425,189.64575,44.50087,14.4
18,2025-01-06,96,1.79725,94.20275,39.70633,7.2
19,2025-01-06,120,3.63304,116.36696,18.71357,9.0
20,2025-01-06,168,0.21242,167.78758,2.89383,12.6
21,2025-01-06,96,0.88087,95.11913,3.33967,7.2
22,2025-01-06,96,0.18647,95.81353,2.16783,7.2
23,2025-01-06,120,1.07354,118.92646,2.93696,9.0
24,2025-01-06,96,0.39611,95.60389,1.74788,7.2
1,2025-01-07,72,0.22881,71.77119,4.43521,5.4
2,2025-01-07,144,1.65591,142.34409,20.82023,10.8
3,2025-01-07,192,4.97921,187.02079,9.28763,14.4
4,2025-01-07,120,1.27673,118.72327,44.44246,9.0
5,2025-01-07,168,0.45573,167.54427,11.75624,12.6
6,2025-01-07,144,4.63652,139.36348,10.51836,10.8
7,2025-01-07,96,0.14455,95.85545,11.78681,7.2
8,2025-01-07,168,0.46778,167.53222,7.42466,12.6
9,2025-01-07,144,0.1441,143.8559,8.1238,10.8
10,2025-01-07,120,4.39226,115.60774,8.57059,9.0
11,2025-01-07,120,2.61547,117.38453,4.08825,9.0
12,2025-01-07,72,0.59872,71.40128,15.37204,5.4
13,2025-01-07,72,2.44516,69.55484,12.20164,5.4
14,2025-01-07,120,1.74474,118.25526,21.84843,9.0
15,2025-01-07,72,5.37066,66.62934,15.72905,5.4
16,2025-01-07,192,2.06729,189.93271,19.23014,14.4
17,2025-01-07,192,1.63097,190.36903,40.04264,14.4
18,2025-01-07,96,0.00904,95.99096,15.19343,7.2
19,2025-01-07,120,6.16491,113.83509,23.44966,9.0
20,2025-01-07,168,5.03204,162.96796,5.57644,12.6
21,2025-01-07,96,0.51257,95.48743,2.47129,7.2
22,2025-01-07,96,0.15017,95.84983,4.01849,7.2
23,2025-01-07,120,1.42511,118.57489,4.86173,9.0
24,2025-01-07,96,2.25105,93.74895,6.60227,7.2
1,2025-01-08,72,0.00556,71.99444,3.47847,5.4
2,2025-01-08,144,4.66187,139.33813,32.1197,10.8
3,2025-01-08,192,4.74568,187.25432,11.84443,14.4
4,2025-01-08,120,0.22481,119.77519,15.07767,9.0
5,2025-01-08,168,0.50244,167.49756,9.2883,12.6
6,2025-01-08,144,1.225,142.775,11.93188,10.8
7,2025-01-08,96,3.70097,92.29903,8.04336,7.2
8,2025-01-08,168,0.80626,167.19374,3.13625,12.6
9,2025-01-08,144,0.07334,143.92666,8.58055,10.8
10,2025-01-08,120,0.00909,119.99091,13.17371,9.0
11,2025-01-08,120,0.68398,119.31602,9.88477,9.0
12,2025-01-08,72,1.86128,70.13872,21.02649,5.4
13,2025-01-08,72,0.07104,71.92896,7.16167,5.4
14,2025-01-08,120,1.32762,118.67238,33.3738,9.0
15,2025-01-08,72,1.52934,70.47066,22.8292,5.4
16,2025-01-08,192,8.13725,183.86275,17.4922,14.4
17,2025-01-08,192,5.40176,186.59824,53.41667,14.4
18,2025-01-08,96,1.25592,94.74408,37.17394,7.2
19,2025-01-08,120,1.11092,118.88908,11.51589,9.0
20,2025-01-08,168,0.16335,167.83665,3.74399,12.6
21,2025-01-08,96,0.00312,95.99688,3.2493,7.2
22,2025-01-08,96,0.89037,95.10963,2.77441,7.2
23,2025-01-08,120,0.26947,119.73053,8.52281,9.0
24,2025-01-08,96,0.13972,95.86028,3.77535,7.2
1,2025-01-09,72,1.58663,70.41337,2.15107,5.4
2,2025-01-09,144,0.0618,143.9382,34.82166,10.8
3,2025-01-09,192,2.006,189.994,13.07535,14.4
4,2025-01-09,120,0.38508,119.61492,28.79787,9.0
5,2025-01-09,168,0.01065,167.98935,10.74555,12.6
6,2025-01-09,144,0.02079,143.97921,15.32295,10.8
7,2025-01-09,96,0.06377,95.93623,23.5894,7.2
8,2025-01-09,168,2.33465,165.66535,6.72498,12.6
9,2025-01-09,144,0.3035,143.6965,10.406,10.8
10,2025-01-09,120,2.81992,117.18008,11.59279,9.0
11,2025-01-09,120,0.68528,119.31472,7.89374,9.0
12,2025-01-09,72,0.02405,71.97595,5.31505,5.4
13,2025-01-09,72,2.9622,69.0378,10.85786,5.4
14,2025-01-09,120,2.20213,117.79787,29.25557,9.0
15,2025-01-09,72,0.54976,71.45024,11.71497,5.4
16,2025-01-09,192,1.43754,190.56246,16.33839,14.4
17,2025-01-09,192,1.12148,190.87852,47.50344,14.4
18,2025-01-09,96,0.46234,95.53766,20.13462,7.2
19,2025-01-09,120,0.01083,119.98917,22.52392,9.0
20,2025-01-09,168,1.72931,166.27069,5.18829,12.6
21,2025-01-09,96,0.17193,95.82807,3.24672,7.2
22,2025-01-09,96,0.06981,95.93019,1.9861,7.2
23,2025-01-09,120,0.63764,119.36236,5.42256,9.0
24,2025-01-09,96,0.22163,95.77837,4.48407,7.2
1,2025-01-10,72,0.41349,71.58651,2.74341,5.4
2,2025-01-10,144,0.19322,143.80678,36.68173,10.8
3,2025-01-10,192,0.16641,191.83359,13.03384,14.4
4,2025-01-10,120,0.841,119.159,28.48742,9.0
5,2025-01-10,168,0.15321,167.84679,7.8349,12.6
6,2025-01-10,144,2.38568,141.61432,9.19737,10.8
7,2025-01-10,96,0.69395,95.30605,20.33008,7.2
8,2025-01-10,168,0.67021,167.32979,5.60683,12.6
9,2025-01-10,144,0.16299,143.83701,6.82157,10.8
10,2025-01-10,120,0.00198,119.99802,12.78508,9.0
11,2025-01-10,120,1.09734,118.90266,10.41944,9.0
12,2025-01-10,72,0.06605,71.93395,9.03434,5.4
13,2025-01-10,72,4.79302,67.20698,8.37704,5.4
14,2025-01-10,120,0.69968,119.30032,27.10083,9.0
15,2025-01-10,72,3.14025,68.85975,30.70111,5.4
16,2025-01-10,192,0.84697,191.15303,16.39351,14.4
17,2025-01-10,192,2.7569,189.2431,64.32683,14.4
18,2025-01-10,96,1.22488,94.77512,30.77348,7.2
19,2025-01-10,120,1.09733,118.90267,14.98769,9.0
20,2025-01-10,168,0.13523,167.86477,4.46955,12.6
21,2025-01-10,96,0.10589,95.89411,3.90098,7.2
22,2025-01-10,96,0.77445,95.22555,2.79418,7.2
23,2025-01-10,120,1.1799,118.8201,3.06291,9.0
24,2025-01-10,96,0.02403,95.97597,11.25437,7.2
1,2025-01-11,72,1.20338,70.79662,2.67002,5.4
2,2025-01-11,144,0.02508,143.97492,20.65501,10.8
3,2025-01-11,192,0.79901,191.20099,11.78319,14.4
4,2025-01-11,120,2.0158,117.9842,39.15712,9.0
5,2025-01-11,168,1.25127,166.74873,12.14132,12.6
6,2025-01-11,144,1.50297,142.49703,7.51772,10.8
7,2025-01-11,96,0.29973,95.70027,22.04622,7.2
8,2025-01-11,168,0.03232,167.96768,6.38535,12.6
9,2025-01-11,144,0.19653,143.80347,9.86057,10.8
10,2025-01-11,120,0.00378,119.99622,17.37534,9.0
11,2025-01-11,120,0.28381,119.71619,5.91938,9.0
12,2025-01-11,72,0.21496,71.78504,12.43213,5.4
13,2025-01-11,72,4.95619,67.04381,8.44908,5.4
14,2025-01-11,120,0.9651,119.0349,35.33841,9.0
15,2025-01-11,72,3.31345,68.68655,16.57187,5.4
16,2025-01-11,192,2.73373,189.26627,14.73304,14.4
17,2025-01-11,192,0.10815,191.89185,69.2031,14.4
18,2025-01-11,96,0.09623,95.90377,27.79055,7.2
19,2025-01-11,120,2.32457,117.67543,14.1874,9.0
20,2025-01-11,168,0.5854,167.4146,3.35021,12.6
21,2025-01-11,96,0.97964,95.02036,3.80365,7.2
22,2025-01-11,96,0.00022,95.99978,6.66803,7.2
23,2025-01-11,120,0.99305,119.00695,3.67794,9.0
24,2025-01-11,96,0.41305,95.58695,11.26228,7.2
1,2025-01-12,72,0.48331,71.51669,6.13868,5.4
2,2025-01-12,144,4.16963,139.83037,42.77601,10.8
3,2025-01-12,192,4.32405,187.67595,10.46958,14.4
4,2025-01-12,120,0.1331,119.8669,21.43841,9.0
5,2025-01-12,168,1.70179,166.29821,8.8294,12.6
6,2025-01-12,144,0.1084,143.8916,8.86563,10.8
7,2025-01-12,96,1.27738,94.72262,10.15958,7.2
8,2025-01-12,168,1.37302,166.62698,8.12265,12.6
9,2025-01-12,144,1.06919,142.93081,8.56795,10.8
10,2025-01-12,120,1.44193,118.55807,7.0912,9.0
11,2025-01-12,120,3.52708,116.47292,3.91716,9.0
12,2025-01-12,72,1.50101,70.49899,15.73257,5.4
13,2025-01-12,72,1.95124,70.04876,8.18152,5.4
14,2025-01-12,120,0.30898,119.69102,39.48318,9.0
15,2025-01-12,72,9.66905,62.33095,24.33844,5.4
16,2025-01-12,192,0.22123,191.77877,13.61274,14.4
17,2025-01-12,192,5.78262,186.21738,38.09256,14.4
18,2025-01-12,96,0.07952,95.92048,40.46438,7.2
19,2025-01-12,120,0.27201,119.72799,18.56013,9.0
20,2025-01-12,168,1.18632,166.81368,7.5869,12.6
21,2025-01-12,96,1.47418,94.52582,1.02452,7.2
22,2025-01-12,96,1.03995,94.96005,3.55465,7.2
23,2025-01-12,120,1.1275,118.8725,6.85839,9.0
24,2025-01-12,96,0.01762,95.98238,14.01331,7.2
1,2025-01-13,72,0.58637,71.41363,4.50162,5.4
2,2025-01-13,144,0.57814,143.42186,35.34593,10.8
3,2025-01-13,192,0.59031,191.40969,12.40193,14.4
4,2025-01-13,120,0.10738,119.89262,32.08482,9.0
5,2025-01-13,168,0.41404,167.58596,11.10191,12.6
6,2025-01-13,144,1.55172,142.44828,8.08199,10.8
7,2025-01-13,96,0.94932,95.05068,5.98684,7.2
8,2025-01-13,168,0.81298,167.18702,6.98861,12.6
9,2025-01-13,144,1.69661,142.30339,6.10855,10.8
10,2025-01-13,120,0.00017,119.99983,15.54897,9.0
11,2025-01-13,120,0.00016,119.99984,6.36099,9.0
12,2025-01-13,72,0.11603,71.88397,12.22338,5.4
13,2025-01-13,72,4.42059,67.57941,8.83079,5.4
14,2025-01-13,120,5.08059,114.91941,27.96092,9.0
15,2025-01-13,72,4.03621,67.96379,27.04768,5.4
16,2025-01-13,192,2.66086,189.33914,14.79685,14.4
17,2025-01-13,192,3.89545,188.10455,63.04257,14.4
18,2025-01-13,96,1.53412,94.46588,19.77061,7.2
19,2025-01-13,120,0.3275,119.6725,9.53833,9.0
20,2025-01-13,168,0.47814,167.52186,4.1795,12.6
21,2025-01-13,96,0.16421,95.83579,1.14593,7.2
22,2025-01-13,96,0.00016,95.99984,0.90833,7.2
23,2025-01-13,120,0.28705,119.71295,5.90981,9.0
24,2025-01-13,96,0.01249,95.98751,15.34,7.2
1,2025-01-14,72,0.00542,71.99458,4.98004,5.4
2,2025-01-14,144,0.69236,143.30764,48.72219,10.8
3,2025-01-14,192,0.43767,191.56233,9.80459,14.4
4,2025-01-14,120,0.13987,119.86013,23.98051,9.0
5,2025-01-14,168,3.10458,164.89542,11.95914,12.6
6,2025-01-14,144,0.65232,143.34768,9.97867,10.8
7,2025-01-14,96,0.18912,95.81088,18.85962,7.2
8,2025-01-14,168,1.74793,166.25207,5.83555,12.6
9,2025-01-14,144,4.86486,139.13514,12.88859,10.8
10,2025-01-14,120,0.70327,119.29673,25.89943,9.0
11,2025-01-14,120,2.44367,117.55633,3.57965,9.0
12,2025-01-14,72,3.7001,68.2999,19.3396,5.4
13,2025-01-14,72,1.79543,70.20457,8.3385,5.4
14,2025-01-14,120,4.76507,115.23493,33.57922,9.0
15,2025-01-14,72,0.00198,71.99802,23.71768,5.4
16,2025-01-14,192,1.30232,190.69768,12.72463,14.4
17,2025-01-14,192,1.2222,190.7778,51.74346,14.4
18,2025-01-14,96,0.17261,95.82739,37.79657,7.2
19,2025-01-14,120,0.08778,119.91222,11.18493,9.0
20,2025-01-14,168,0.46432,167.53568,6.08469,12.6
21,2025-01-14,96,1.61692,94.38308,2.51028,7.2
22,2025-01-14,96,0.53489,95.46511,8.36726,7.2
23,2025-01-14,120,1.85556,118.14444,5.46872,9.0
24,2025-01-14,96,0.04962,95.95038,4.39808,7.2
1,2025-01-15,72,0.57161,71.42839,4.47906,5.4
2,2025-01-15,144,0.23371,143.76629,24.67857,10.8
3,2025-01-15,192,0.00602,191.99398,8.5499,14.4
4,2025-01-15,120,0.06034,119.93966,32.06921,9.0
5,2025-01-15,168,0.07251,167.92749,9.31037,12.6
6,2025-01-15,144,1.8789,142.1211,9.21954,10.8
7,2025-01-15,96,0.50243,95.49757,10.56685,7.2
8,2025-01-15,168,0.70193,167.29807,4.35772,12.6
9,2025-01-15,144,0.25653,143.74347,7.49808,10.8
10,2025-01-15,120,2.01948,117.98052,19.57659,9.0
11,2025-01-15,120,0.93455,119.06545,5.5371,9.0
12,2025-01-15,72,0.80785,71.19215,11.07165,5.4
13,2025-01-15,72,0.00618,71.99382,3.82014,5.4
14,2025-01-15,120,1.33109,118.66891,27.95378,9.0
15,2025-01-15,72,0.19437,71.80563,23.57253,5.4
16,2025-01-15,192,0.2945,191.7055,12.91946,14.4
17,2025-01-15,192,4.63406,187.36594,44.19201,14.4
18,2025-01-15,96,1.45057,94.54943,26.83954,7.2
19,2025-01-15,120,0.03361,119.96639,16.39736,9.0
20,2025-01-15,168,2.97904,165.02096,7.02437,12.6
21,2025-01-15,96,0.73361,95.26639,1.53814,7.2
22,2025-01-15,96,0.05467,95.94533,5.66425,7.2
23,2025-01-15,120,11.17637,108.82363,4.98098,9.0
24,2025-01-15,96,0.96157,95.03843,11.80039,7.2
1,2025-01-16,72,4.6256,67.3744,3.95205,5.4
2,2025-01-16,144,0.37629,143.62371,39.21121,10.8
3,2025-01-16,192,0.33328,191.66672,9.53119,14.4
4,2025-01-16,120,4.61126,115.38874,23.89519,9.0
5,2025-01-16,168,4.88819,163.11181,12.84469,12.6
6,2025-01-16,144,0.0027,143.9973,8.98339,10.8
7,2025-01-16,96,1.63545,94.36455,20.65476,7.2
8,2025-01-16,168,0.55101,167.44899,7.99304,12.6
9,2025-01-16,144,0.37718,143.62282,8.73282,10.8
10,2025-01-16,120,0.51489,119.48511,11.97902,9.0
11,2025-01-16,120,1.11729,118.88271,6.63633,9.0
12,2025-01-16,72,1.0509,70.9491,22.2021,5.4
13,2025-01-16,72,1.46568,70.53432,7.10881,5.4
14,2025-01-16,120,1.13079,118.86921,31.61834,9.0
15,2025-01-16,72,3.34858,68.65142,13.23756,5.4
16,2025-01-16,192,1.11377,190.88623,13.23833,14.4
17,2025-01-16,192,0.08033,191.91967,55.26593,14.4
18,2025-01-16,96,0.88752,95.11248,33.35381,7.2
19,2025-01-16,120,0.68721,119.31279,18.07267,9.0
20,2025-01-16,168,1.68727,166.31273,4.12722,12.6
21,2025-01-16,96,0.19098,95.80902,1.59097,7.2
22,2025-01-16,96,0.34178,95.65822,3.24099,7.2
23,2025-01-16,120,1.67688,118.32312,8.84089,9.0
24,2025-01-16,96,0.63337,95.36663,16.75617,7.2
1,2025-01-17,72,0.12168,71.87832,7.85542,5.4
2,2025-01-17,144,0.40555,143.59445,34.8354,10.8
3,2025-01-17,192,0.63947,191.36053,7.75737,14.4
4,2025-01-17,120,1.14468,118.85532,25.91304,9.0
5,2025-01-17,168,0.09945,167.90055,11.85777,12.6
6,2025-01-17,144,0.92474,143.07526,10.98263,10.8
7,2025-01-17,96,0.87095,95.12905,18.55918,7.2
8,2025-01-17,168,0.0444,167.9556,4.70369,12.6
9,2025-01-17,144,0.0682,143.9318,12.58991,10.8
10,2025-01-17,120,0.0121,119.9879,23.13992,9.0
11,2025-01-17,120,5.30135,114.69865,8.36777,9.0
12,2025-01-17,72,1.67016,70.32984,8.35347,5.4
13,2025-01-17,72,0.91979,71.08021,11.97607,5.4
14,2025-01-17,120,1.84295,118.15705,45.90764,9.0
15,2025-01-17,72,0.01021,71.98979,27.50537,5.4
16,2025-01-17,192,2.47686,189.52314,11.48275,14.4
17,2025-01-17,192,0.96876,191.03124,55.65718,14.4
18,2025-01-17,96,0.2122,95.7878,19.65767,7.2
19,2025-01-17,120,0.04096,119.95904,13.30194,9.0
20,2025-01-17,168,1.24701,166.75299,4.90124,12.6
21,2025-01-17,96,8.16073,87.83927,1.17729,7.2
22,2025-01-17,96,0.30885,95.69115,6.14229,7.2
23,2025-01-17,120,0.01096,119.98904,4.12265,9.0
24,2025-01-17,96,1.74325,94.25675,7.62763,7.2
1,2025-01-18,72,0.0078,71.9922,1.25204,5.4
2,2025-01-18,144,7.17672,136.82328,26.35801,10.8
3,2025-01-18,192,3.29949,188.70051,12.11268,14.4
4,2025-01-18,120,0.47308,119.52692,18.35832,9.0
5,2025-01-18,168,1.03772,166.96228,11.19939,12.6
6,2025-01-18,144,0.15837,143.84163,10.30134,10.8
7,2025-01-18,96,2.27455,93.72545,18.16403,7.2
8,2025-01-18,168,0.17946,167.82054,5.30673,12.6
9,2025-01-18,144,1.1388,142.8612,5.28359,10.8
10,2025-01-18,120,2.37583,117.62417,31.96747,9.0
11,2025-01-18,120,3.09535,116.90465,10.19268,9.0
12,2025-01-18,72,1.78518,70.21482,6.52612,5.4
13,2025-01-18,72,0.16518,71.83482,15.60328,5.4
14,2025-01-18,120,0.34026,119.65974,35.71725,9.0
15,2025-01-18,72,2.07894,69.92106,19.06345,5.4
16,2025-01-18,192,0.64322,191.35678,13.12427,14.4
17,2025-01-18,192,5.23608,186.76392,40.37057,14.4
18,2025-01-18,96,0.20836,95.79164,34.19575,7.2
19,2025-01-18,120,1.96669,118.03331,17.2723,9.0
20,2025-01-18,168,2.80388,165.19612,3.69887,12.6
21,2025-01-18,96,0.00909,95.99091,4.26068,7.2
22,2025-01-18,96,0.31895,95.68105,4.50288,7.2
23,2025-01-18,120,0.63674,119.36326,10.64976,9.0
24,2025-01-18,96,0.86838,95.13162,2.6717,7.2
1,2025-01-19,72,0.38896,71.61104,4.79939,5.4
2,2025-01-19,144,0.17664,143.82336,27.86828,10.8
3,2025-01-19,192,5.90399,186.09601,12.86168,14.4
4,2025-01-19,120,8e-05,119.99992,20.86288,9.0
5,2025-01-19,168,2.78407,165.21593,10.95551,12.6
6,2025-01-19,144,3.19689,140.80311,11.56896,10.8
7,2025-01-19,96,4.67836,91.32164,22.694,7.2
8,2025-01-19,168,3.76918,164.23082,1.34855,12.6
9,2025-01-19,144,1.07113,142.92887,8.66736,10.8
10,2025-01-19,120,4.19095,115.80905,15.90066,9.0
11,2025-01-19,120,0.00208,119.99792,7.6797,9.0
12,2025-01-19,72,5.93579,66.06421,4.50602,5.4
13,2025-01-19,72,3.45093,68.54907,9.35778,5.4
14,2025-01-19,120,1.67315,118.32685,42.34195,9.0
15,2025-01-19,72,6.25465,65.74535,20.92969,5.4
16,2025-01-19,192,0.02202,191.97798,10.23216,14.4
17,2025-01-19,192,1.59711,190.40289,77.58262,14.4
18,2025-01-19,96,0.79513,95.20487,30.7589,7.2
19,2025-01-19,120,0.36716,119.63284,10.76314,9.0
20,2025-01-19,168,0.25468,167.74532,7.4282,12.6
21,2025-01-19,96,0.05986,95.94014,1.0244,7.2
22,2025-01-19,96,5.72696,90.27304,2.17259,7.2
23,2025-01-19,120,0.02757,119.97243,5.41531,9.0
24,2025-01-19,96,0.88589,95.11411,6.5393,7.2
1,2025-01-20,72,0.09993,71.90007,4.44785,5.4
2,2025-01-20,144,0.18444,143.81556,34.58579,10.8
3,2025-01-20,192,0.2615,191.7385,9.73766,14.4
4,2025-01-20,120,1.77598,118.22402,37.62364,9.0
5,2025-01-20,168,0.17621,167.82379,6.42922,12.6
6,2025-01-20,144,0.02636,143.97364,8.02568,10.8
7,2025-01-20,96,0.43794,95.56206,7.53304,7.2
8,2025-01-20,168,0.13845,167.86155,5.41071,12.6
9,2025-01-20,144,0.25758,143.74242,12.66657,10.8
10,2025-01-20,120,5.85294,114.14706,6.41107,9.0
11,2025-01-20,120,0.42864,119.57136,3.39755,9.0
12,2025-01-20,72,1.04154,70.95846,11.15369,5.4
13,2025-01-20,72,0.61718,71.38282,4.76492,5.4
14,2025-01-20,120,2.35277,117.64723,41.6728,9.0
15,2025-01-20,72,0.31452,71.68548,31.5696,5.4
16,2025-01-20,192,0.00398,191.99602,14.62633,14.4
17,2025-01-20,192,2.91367,189.08633,60.60417,14.4
18,2025-01-20,96,9.85545,86.14455,32.48467,7.2
19,2025-01-20,120,0.21886,119.78114,10.16766,9.0
20,2025-01-20,168,1.47237,166.52763,6.2668,12.6
21,2025-01-20,96,0.65575,95.34425,1.60723,7.2
22,2025-01-20,96,1.35861,94.64139,1.36655,7.2
23,2025-01-20,120,12.64926,107.35074,6.2222,9.0
24,2025-01-20,96,0.03941,95.96059,11.71536,7.2
1,2025-01-21,72,0.50849,71.49151,5.15093,5.4
2,2025-01-21,144,0.09368,143.90632,31.98596,10.8
3,2025-01-21,192,0.77075,191.22925,6.58978,14.4
4,2025-01-21,120,0.00247,119.99753,29.89834,9.0
5,2025-01-21,168,0.0779,167.9221,11.57186,12.6
6,2025-01-21,144,1.51586,142.48414,9.31998,10.8
7,2025-01-21,96,1.12456,94.87544,13.13273,7.2
8,2025-01-21,168,3.62727,164.37273,4.15393,12.6
9,2025-01-21,144,3.94767,140.05233,11.35531,10.8
10,2025-01-21,120,7.70031,112.29969,13.3557,9.0
11,2025-01-21,120,0.48647,119.51353,9.81608,9.0
12,2025-01-21,72,0.03116,71.96884,9.05932,5.4
13,2025-01-21,72,2.31642,69.68358,8.7368,5.4
14,2025-01-21,120,3.4047,116.5953,23.3688,9.0
15,2025-01-21,72,1.59852,70.40148,29.51604,5.4
16,2025-01-21,192,11.50464,180.49536,15.47387,14.4
17,2025-01-21,192,1.71474,190.28526,52.45026,14.4
18,2025-01-21,96,0.03337,95.96663,31.31909,7.2
19,2025-01-21,120,1.82079,118.17921,18.99632,9.0
20,2025-01-21,168,0.03051,167.96949,5.55881,12.6
21,2025-01-21,96,1.10081,94.89919,3.18711,7.2
22,2025-01-21,96,0.30545,95.69455,1.75518,7.2
23,2025-01-21,120,0.27241,119.72759,7.82473,9.0
24,2025-01-21,96,0.38689,95.61311,7.27058,7.2
1,2025-01-22,72,1.94171,70.05829,4.45044,5.4
2,2025-01-22,144,0.12969,143.87031,25.32244,10.8
3,2025-01-22,192,0.5252,191.4748,10.1577,14.4
4,2025-01-22,120,0.04472,119.95528,40.67768,9.0
5,2025-01-22,168,2.43689,165.56311,7.45557,12.6
6,2025-01-22,144,2.00939,141.99061,7.08627,10.8
7,2025-01-22,96,0.13494,95.86506,17.5071,7.2
8,2025-01-22,168,2.32264,165.67736,7.52682,12.6
9,2025-01-22,144,0.0503,143.9497,13.43252,10.8
10,2025-01-22,120,0.73583,119.26417,18.62052,9.0
11,2025-01-22,120,0.11486,119.88514,4.85944,9.0
12,2025-01-22,72,0.00158,71.99842,13.16056,5.4
13,2025-01-22,72,6.66854,65.33146,10.53293,5.4
14,2025-01-22,120,4.16763,115.83237,40.74171,9.0
15,2025-01-22,72,10.48677,61.51323,40.77711,5.4
16,2025-01-22,192,0.01361,191.98639,13.61628,14.4
17,2025-01-22,192,0.91459,191.08541,56.71141,14.4
18,2025-01-22,96,0.11703,95.88297,20.4653,7.2
19,2025-01-22,120,0.20521,119.79479,16.21333,9.0
20,2025-01-22,168,0.09951,167.90049,4.69761,12.6
21,2025-01-22,96,3.00259,92.99741,2.94743,7.2
22,2025-01-22,96,3.76097,92.23903,3.38906,7.2
23,2025-01-22,120,1.63929,118.36071,3.84277,9.0
24,2025-01-22,96,0.8323,95.1677,9.27033,7.2
1,2025-01-23,72,5.61075,66.38925,3.79515,5.4
2,2025-01-23,144,0.73827,143.26173,27.97314,10.8
3,2025-01-23,192,0.43957,191.56043,10.98373,14.4
4,2025-01-23,120,0.23603,119.76397,35.73873,9.0
5,2025-01-23,168,6.00522,161.99478,15.2864,12.6
6,2025-01-23,144,1.60704,142.39296,9.96164,10.8
7,2025-01-23,96,1.34224,94.65776,9.70279,7.2
8,2025-01-23,168,0.00602,167.99398,7.39401,12.6
9,2025-01-23,144,2.25861,141.74139,11.23027,10.8
10,2025-01-23,120,0.71084,119.28916,21.01539,9.0
11,2025-01-23,120,0.55078,119.44922,6.777,9.0
12,2025-01-23,72,0.09381,71.90619,10.3687,5.4
13,2025-01-23,72,1.26238,70.73762,8.4884,5.4
14,2025-01-23,120,0.64293,119.35707,41.25422,9.0
15,2025-01-23,72,0.94761,71.05239,28.46201,5.4
16,2025-01-23,192,2.03258,189.96742,18.16822,14.4
17,2025-01-23,192,2.28249,189.71751,64.49366,14.4
18,2025-01-23,96,6.47694,89.52306,34.37749,7.2
19,2025-01-23,120,0.08364,119.91636,17.44575,9.0
20,2025-01-23,168,3.84941,164.15059,4.5031,12.6
21,2025-01-23,96,6.77008,89.22992,3.93049,7.2
22,2025-01-23,96,0.74312,95.25688,8.38106,7.2
23,2025-01-23,120,0.01297,119.98703,3.72193,9.0
24,2025-01-23,96,2.60844,93.39156,12.11239,7.2
1,2025-01-24,72,0.38725,71.61275,3.53785,5.4
2,2025-01-24,144,3.72314,140.27686,45.43038,10.8
3,2025-01-24,192,1.67204,190.32796,10.59188,14.4
4,2025-01-24,120,0.32836,119.67164,17.32335,9.0
5,2025-01-24,168,0.94184,167.05816,11.53193,12.6
6,2025-01-24,144,0.41492,143.58508,9.1159,10.8
7,2025-01-24,96,0.19435,95.80565,15.69343,7.2
8,2025-01-24,168,0.46556,167.53444,8.37796,12.6
9,2025-01-24,144,0.33792,143.66208,9.61124,10.8
10,2025-01-24,120,0.27622,119.72378,16.86519,9.0
11,2025-01-24,120,1.24455,118.75545,10.15064,9.0
12,2025-01-24,72,2.50102,69.49898,15.72144,5.4
13,2025-01-24,72,0.19186,71.80814,10.21485,5.4
14,2025-01-24,120,6.81722,113.18278,27.44314,9.0
15,2025-01-24,72,1.45684,70.54316,16.41165,5.4
16,2025-01-24,192,2.97016,189.02984,18.695,14.4
17,2025-01-24,192,0.53453,191.46547,60.37287,14.4
18,2025-01-24,96,0.75944,95.24056,35.56607,7.2
19,2025-01-24,120,0.83715,119.16285,17.75127,9.0
20,2025-01-24,168,0.74868,167.25132,5.80429,12.6
21,2025-01-24,96,0.71868,95.28132,1.84125,7.2
22,2025-01-24,96,0.11049,95.88951,2.0305,7.2
23,2025-01-24,120,0.50888,119.49112,6.54984,9.0
24,2025-01-24,96,0.88512,95.11488,8.13413,7.2
1,2025-01-25,72,0.31992,71.68008,5.29603,5.4
2,2025-01-25,144,0.02174,143.97826,36.03808,10.8
3,2025-01-25,192,0.60119,191.39881,13.60221,14.4
4,2025-01-25,120,0.03917,119.96083,22.73738,9.0
5,2025-01-25,168,9.97708,158.02292,8.61747,12.6
6,2025-01-25,144,0.98962,143.01038,9.4598,10.8
7,2025-01-25,96,0.65943,95.34057,10.37265,7.2
8,2025-01-25,168,0.04305,167.95695,6.72863,12.6
9,2025-01-25,144,0.06989,143.93011,11.77564,10.8
10,2025-01-25,120,0.33458,119.66542,18.68427,9.0
11,2025-01-25,120,0.76798,119.23202,8.74249,9.0
12,2025-01-25,72,0.49409,71.50591,9.37723,5.4
13,2025-01-25,72,4.82999,67.17001,6.48583,5.4
14,2025-01-25,120,1.1108,118.8892,35.95595,9.0
15,2025-01-25,72,4.03909,67.96091,25.26111,5.4
16,2025-01-25,192,0.06468,191.93532,14.25879,14.4
17,2025-01-25,192,2.51808,189.48192,56.22686,14.4
18,2025-01-25,96,0.15699,95.84301,21.46507,7.2
19,2025-01-25,120,0.08526,119.91474,8.8081,9.0
20,2025-01-25,168,0.13333,167.86667,2.61372,12.6
21,2025-01-25,96,0.7797,95.2203,2.96162,7.2
22,2025-01-25,96,3.0657,92.9343,1.02513,7.2
23,2025-01-25,120,0.80788,119.19212,4.84615,9.0
24,2025-01-25,96,2.64636,93.35364,11.32765,7.2
1,2025-01-26,72,2.1611,69.8389,5.53237,5.4
2,2025-01-26,144,0.002,143.998,28.79334,10.8
3,2025-01-26,192,3.20441,188.79559,13.74888,14.4
4,2025-01-26,120,2.78339,117.21661,26.91253,9.0
5,2025-01-26,168,1.35721,166.64279,14.8978,12.6
6,2025-01-26,144,1.44087,142.55913,9.98203,10.8
7,2025-01-26,96,0.13919,95.86081,7.07233,7.2
8,2025-01-26,168,0.30484,167.69516,5.38784,12.6
9,2025-01-26,144,0.15833,143.84167,13.56565,10.8
10,2025-01-26,120,0.0004,119.9996,19.1988,9.0
11,2025-01-26,120,0.02667,119.97333,10.59983,9.0
12,2025-01-26,72,0.06792,71.93208,8.08208,5.4
13,2025-01-26,72,0.24202,71.75798,7.07058,5.4
14,2025-01-26,120,1.61161,118.38839,41.995,9.0
15,2025-01-26,72,0.11451,71.88549,19.12669,5.4
16,2025-01-26,192,0.12876,191.87124,11.96673,14.4
17,2025-01-26,192,0.01998,191.98002,50.07606,14.4
18,2025-01-26,96,0.37659,95.62341,37.02119,7.2
19,2025-01-26,120,1.05903,118.94097,11.92629,9.0
20,2025-01-26,168,0.54448,167.45552,5.51962,12.6
21,2025-01-26,96,0.00302,95.99698,1.89761,7.2
22,2025-01-26,96,0.34065,95.65935,4.26908,7.2
23,2025-01-26,120,2.41765,117.58235,8.60437,9.0
24,2025-01-26,96,0.7468,95.2532,7.19492,7.2
1,2025-01-27,72,1.72072,70.27928,6.95655,5.4
2,2025-01-27,144,4.08112,139.91888,48.00211,10.8
3,2025-01-27,192,16.56557,175.43443,7.34003,14.4
4,2025-01-27,120,0.79087,119.20913,23.51204,9.0
5,2025-01-27,168,0.0773,167.9227,7.83289,12.6
6,2025-01-27,144,2.40571,141.59429,9.40977,10.8
7,2025-01-27,96,0.08388,95.91612,14.02599,7.2
8,2025-01-27,168,0.45712,167.54288,8.44912,12.6
9,2025-01-27,144,0.14123,143.85877,3.56787,10.8
10,2025-01-27,120,0.26459,119.73541,14.13829,9.0
11,2025-01-27,120,4.428,115.572,5.204,9.0
12,2025-01-27,72,0.06113,71.93887,7.0241,5.4
13,2025-01-27,72,1.41374,70.58626,7.86165,5.4
14,2025-01-27,120,0.54981,119.45019,32.7974,9.0
15,2025-01-27,72,3.9216,68.0784,18.25407,5.4
16,2025-01-27,192,0.75119,191.24881,21.74232,14.4
17,2025-01-27,192,0.00281,191.99719,58.78916,14.4
18,2025-01-27,96,0.97231,95.02769,41.18424,7.2
19,2025-01-27,120,0.67864,119.32136,8.88811,9.0
20,2025-01-27,168,0.03397,167.96603,3.27274,12.6
21,2025-01-27,96,1.1974,94.8026,0.59573,7.2
22,2025-01-27,96,0.91303,95.08697,5.49659,7.2
23,2025-01-27,120,0.12911,119.87089,5.8399,9.0
24,2025-01-27,96,0.94173,95.05827,12.35099,7.2
1,2025-01-28,72,0.03158,71.96842,5.03098,5.4
2,2025-01-28,144,0.25577,143.74423,37.33398,10.8
3,2025-01-28,192,0.7498,191.2502,6.40288,14.4
4,2025-01-28,120,0.00558,119.99442,26.73752,9.0
5,2025-01-28,168,0.01161,167.98839,11.1472,12.6
6,2025-01-28,144,0.20622,143.79378,10.79917,10.8
7,2025-01-28,96,3.39444,92.60556,15.59682,7.2
8,2025-01-28,168,0.35146,167.64854,4.91627,12.6
9,2025-01-28,144,1.23579,142.76421,8.24043,10.8
10,2025-01-28,120,0.04016,119.95984,18.16158,9.0
11,2025-01-28,120,0.91613,119.08387,5.29897,9.0
12,2025-01-28,72,2.57031,69.42969,12.93234,5.4
13,2025-01-28,72,2.57306,69.42694,10.64217,5.4
14,2025-01-28,120,1.85296,118.14704,39.31775,9.0
15,2025-01-28,72,6.02107,65.97893,12.67799,5.4
16,2025-01-28,192,0.03319,191.96681,15.23708,14.4
17,2025-01-28,192,1.79682,190.20318,63.05867,14.4
18,2025-01-28,96,0.00397,95.99603,33.08802,7.2
19,2025-01-28,120,1.10498,118.89502,18.26363,9.0
20,2025-01-28,168,1.27171,166.72829,2.53436,12.6
21,2025-01-28,96,4.59606,91.40394,1.87795,7.2
22,2025-01-28,96,1.32569,94.67431,5.41586,7.2
23,2025-01-28,120,0.0599,119.9401,4.51867,9.0
24,2025-01-28,96,0.39379,95.60621,6.52906,7.2
1,2025-01-29,72,1.82012,70.17988,3.88735,5.4
2,2025-01-29,144,1.10131,142.89869,27.39511,10.8
3,2025-01-29,192,4.16012,187.83988,9.65557,14.4
4,2025-01-29,120,0.42453,119.57547,38.97271,9.0
5,2025-01-29,168,0.48394,167.51606,12.74023,12.6
6,2025-01-29,144,1.33932,142.66068,9.94336,10.8
7,2025-01-29,96,3.28235,92.71765,11.74238,7.2
8,2025-01-29,168,1.48542,166.51458,10.36652,12.6
9,2025-01-29,144,0.54474,143.45526,10.81446,10.8
10,2025-01-29,120,0.03535,119.96465,24.22804,9.0
11,2025-01-29,120,1.35255,118.64745,11.13227,9.0
12,2025-01-29,72,0.07132,71.92868,15.72821,5.4
13,2025-01-29,72,1.24554,70.75446,7.74848,5.4
14,2025-01-29,120,2.30364,117.69636,41.14953,9.0
15,2025-01-29,72,0.07062,71.92938,12.18048,5.4
16,2025-01-29,192,0.00612,191.99388,11.51836,14.4
17,2025-01-29,192,0.36238,191.63762,58.01288,14.4
18,2025-01-29,96,0.04445,95.95555,34.18487,7.2
19,2025-01-29,120,0.31658,119.68342,18.14934,9.0
20,2025-01-29,168,0.80395,167.19605,2.93689,12.6
21,2025-01-29,96,2.29176,93.70824,4.37209,7.2
22,2025-01-29,96,0.02249,95.97751,2.99837,7.2
23,2025-01-29,120,1.33151,118.66849,6.7909,9.0
24,2025-01-29,96,0.00777,95.99223,20.7646,7.2
1,2025-01-30,72,1.28607,70.71393,6.93419,5.4
2,2025-01-30,144,0.57022,143.42978,25.94728,10.8
3,2025-01-30,192,0.41206,191.58794,10.21471,14.4
4,2025-01-30,120,0.1926,119.8074,26.92455,9.0
5,2025-01-30,168,0.91698,167.08302,15.19936,12.6
6,2025-01-30,144,1.21311,142.78689,7.95959,10.8
7,2025-01-30,96,3.38051,92.61949,17.77068,7.2
8,2025-01-30,168,0.34467,167.65533,8.15218,12.6
9,2025-01-30,144,0.45269,143.54731,7.66096,10.8
10,2025-01-30,120,1.41596,118.58404,23.51972,9.0
11,2025-01-30,120,1.1522,118.8478,4.97012,9.0
12,2025-01-30,72,0.0477,71.9523,8.77221,5.4
13,2025-01-30,72,0.34074,71.65926,11.00745,5.4
14,2025-01-30,120,4.90938,115.09062,35.49968,9.0
15,2025-01-30,72,1.08218,70.91782,12.21524,5.4
16,2025-01-30,192,0.01463,191.98537,17.46077,14.4
17,2025-01-30,192,0.48297,191.51703,63.681,14.4
18,2025-01-30,96,0.32661,95.67339,41.3298,7.2
19,2025-01-30,120,1.52556,118.47444,12.7965,9.0
20,2025-01-30,168,0.00292,167.99708,5.04452,12.6
21,2025-01-30,96,0.59975,95.40025,4.12105,7.2
22,2025-01-30,96,2.12742,93.87258,3.06216,7.2
23,2025-01-30,120,1.62891,118.37109,3.75664,9.0
24,2025-01-30,96,2.95696,93.04304,17.34218,7.2
1,2025-01-31,72,0.53423,71.46577,6.04408,5.4
2,2025-01-31,144,4.26684,139.73316,35.26871,10.8
3,2025-01-31,192,0.09546,191.90454,9.25188,14.4
4,2025-01-31,120,1.74685,118.25315,28.09393,9.0
5,2025-01-31,168,0.59431,167.40569,8.33204,12.6
6,2025-01-31,144,1.37926,142.62074,12.01541,10.8
7,2025-01-31,96,0.86017,95.13983,25.02619,7.2
8,2025-01-31,168,0.4081,167.5919,6.06281,12.6
9,2025-01-31,144,1.2665,142.7335,7.87677,10.8
10,2025-01-31,120,0.87856,119.12144,22.22388,9.0
11,2025-01-31,120,1.3513,118.6487,8.55679,9.0
12,2025-01-31,72,1.99398,70.00602,14.67686,5.4
13,2025-01-31,72,2.36811,69.63189,7.50512,5.4
14,2025-01-31,120,0.61517,119.38483,23.06847,9.0
15,2025-01-31,72,0.00039,71.99961,23.36538,5.4
16,2025-01-31,192,0.18925,191.81075,19.59907,14.4
17,2025-01-31,192,0.34192,191.65808,33.59124,14.4
18,2025-01-31,96,4.14868,91.85132,24.96959,7.2
19,2025-01-31,120,0.65366,119.34634,13.93355,9.0
20,2025-01-31,168,2.42138,165.57862,3.2886,12.6
21,2025-01-31,96,0.51595,95.48405,3.5697,7.2
22,2025-01-31,96,1.75061,94.24939,8.00748,7.2
23,2025-01-31,120,1.31855,118.68145,5.885,9.0
24,2025-01-31,96,0.49649,95.50351,4.74915,7.2
1,2025-02-01,72,0.00879,71.99121,4.79885,5.4
2,2025-02-01,144,0.76584,143.23416,31.8177,10.8
3,2025-02-01,192,0.27533,191.72467,9.94741,14.4
4,2025-02-01,120,2.01092,117.98908,28.03704,9.0
5,2025-02-01,168,0.25932,167.74068,10.52626,12.6
6,2025-02-01,144,1.86109,142.13891,9.45619,10.8
7,2025-02-01,96,2.94501,93.05499,22.01825,7.2
8,2025-02-01,168,0.65905,167.34095,6.11568,12.6
9,2025-02-01,144,1.70516,142.29484,10.65535,10.8
10,2025-02-01,120,3.23258,116.76742,8.51627,9.0
11,2025-02-01,120,0.58864,119.41136,8.22833,9.0
12,2025-02-01,72,1.38044,70.61956,7.44041,5.4
13,2025-02-01,72,4.5291,67.4709,10.26482,5.4
14,2025-02-01,120,2.59449,117.40551,36.15005,9.0
15,2025-02-01,72,1.35024,70.64976,16.82369,5.4
16,2025-02-01,192,2.26472,189.73528,16.30645,14.4
17,2025-02-01,192,2.65502,189.34498,54.42239,14.4
18,2025-02-01,96,0.97269,95.02731,20.15312,7.2
19,2025-02-01,120,1.39023,118.60977,24.65485,9.0
20,2025-02-01,168,0.40431,167.59569,5.80686,12.6
21,2025-02-01,96,0.1819,95.8181,3.88059,7.2
22,2025-02-01,96,1.73814,94.26186,7.45239,7.2
23,2025-02-01,120,2.69007,117.30993,6.56989,9.0
24,2025-02-01,96,0.24117,95.75883,13.45751,7.2
1,2025-02-02,72,1.55025,70.44975,5.20498,5.4
2,2025-02-02,144,0.40261,143.59739,34.76799,10.8
3,2025-02-02,192,0.01468,191.98532,10.41467,14.4
4,2025-02-02,120,0.21944,119.78056,35.82141,9.0
5,2025-02-02,168,0.28805,167.71195,14.02696,12.6
6,2025-02-02,144,0.60946,143.39054,10.62913,10.8
7,2025-02-02,96,1.15156,94.84844,15.71498,7.2
8,2025-02-02,168,0.09315,167.90685,4.80864,12.6
9,2025-02-02,144,2.21248,141.78752,11.06207,10.8
10,2025-02-02,120,1.80775,118.19225,19.3486,9.0
11,2025-02-02,120,0.28157,119.71843,7.51274,9.0
12,2025-02-02,72,1.76518,70.23482,15.93202,5.4
13,2025-02-02,72,1.7233,70.2767,10.05108,5.4
14,2025-02-02,120,0.64473,119.35527,44.80517,9.0
15,2025-02-02,72,1.31109,70.68891,34.07125,5.4
16,2025-02-02,192,0.94211,191.05789,12.32569,14.4
17,2025-02-02,192,0.37082,191.62918,85.50259,14.4
18,2025-02-02,96,1.90387,94.09613,21.88715,7.2
19,2025-02-02,120,0.00069,119.99931,15.18883,9.0
20,2025-02-02,168,1.0201,166.9799,4.69004,12.6
21,2025-02-02,96,2.48772,93.51228,1.60639,7.2
22,2025-02-02,96,0.12679,95.87321,4.74054,7.2
23,2025-02-02,120,0.18015,119.81985,4.96996,9.0
24,2025-02-02,96,0.64278,95.35722,12.40079,7.2
1,2025-02-03,72,0.04157,71.95843,4.16857,5.4
2,2025-02-03,144,0.10547,143.89453,46.58052,10.8
3,2025-02-03,192,0.11889,191.88111,13.03911,14.4
4,2025-02-03,120,1.39354,118.60646,50.24957,9.0
5,2025-02-03,168,0.27534,167.72466,12.32434,12.6
6,2025-02-03,144,1.477,142.523,12.6579,10.8
7,2025-02-03,96,0.24344,95.75656,6.0322,7.2
8,2025-02-03,168,0.78093,167.21907,6.01144,12.6
9,2025-02-03,144,1.12448,142.87552,7.11161,10.8
10,2025-02-03,120,0.04771,119.95229,16.43281,9.0
11,2025-02-03,120,0.44531,119.55469,5.84977,9.0
12,2025-02-03,72,1.37887,70.62113,13.14604,5.4
13,2025-02-03,72,4.78992,67.21008,10.38945,5.4
14,2025-02-03,120,0.05244,119.94756,33.73557,9.0
15,2025-02-03,72,0.98029,71.01971,28.79059,5.4
16,2025-02-03,192,0.76594,191.23406,16.35305,14.4
17,2025-02-03,192,0.99041,191.00959,64.24164,14.4
18,2025-02-03,96,1.62617,94.37383,38.1147,7.2
19,2025-02-03,120,1.90727,118.09273,19.07776,9.0
20,2025-02-03,168,0.27569,167.72431,4.64842,12.6
21,2025-02-03,96,0.95223,95.04777,2.74441,7.2
22,2025-02-03,96,3.76947,92.23053,5.68353,7.2
23,2025-02-03,120,0.8246,119.1754,5.02217,9.0
24,2025-02-03,96,0.24556,95.75444,22.47269,7.2
1,2025-02-04,72,4.78017,67.21983,4.90178,5.4
2,2025-02-04,144,2.63002,141.36998,37.16356,10.8
3,2025-02-04,192,0.38453,191.61547,14.80469,14.4
4,2025-02-04,120,0.27257,119.72743,18.9858,9.0
5,2025-02-04,168,1.48018,166.51982,10.61301,12.6
6,2025-02-04,144,0.31482,143.68518,11.93074,10.8
7,2025-02-04,96,1.18622,94.81378,16.31903,7.2
8,2025-02-04,168,0.15395,167.84605,6.94114,12.6
9,2025-02-04,144,2.87271,141.12729,11.88931,10.8
10,2025-02-04,120,1.16455,118.83545,20.44272,9.0
11,2025-02-04,120,0.57773,119.42227,3.54074,9.0
12,2025-02-04,72,0.25954,71.74046,16.2266,5.4
13,2025-02-04,72,10.42111,61.57889,10.02403,5.4
14,2025-02-04,120,0.44958,119.55042,17.05269,9.0
15,2025-02-04,72,2.7376,69.2624,23.75948,5.4
16,2025-02-04,192,2.51024,189.48976,18.67619,14.4
17,2025-02-04,192,8.90219,183.09781,47.77453,14.4
18,2025-02-04,96,3.6304,92.3696,40.49269,7.2
19,2025-02-04,120,1.64904,118.35096,18.9539,9.0
20,2025-02-04,168,2.74023,165.25977,3.87414,12.6
21,2025-02-04,96,1.88252,94.11748,3.07382,7.2
22,2025-02-04,96,0.14221,95.85779,6.48008,7.2
23,2025-02-04,120,0.03222,119.96778,8.7243,9.0
24,2025-02-04,96,0.57405,95.42595,20.27986,7.2
1,2025-02-05,72,2.16403,69.83597,2.38993,5.4
2,2025-02-05,144,0.13255,143.86745,45.99682,10.8
3,2025-02-05,192,2.52918,189.47082,9.46023,14.4
4,2025-02-05,120,0.03116,119.96884,43.49862,9.0
5,2025-02-05,168,1.59967,166.40033,13.99479,12.6
6,2025-02-05,144,0.57107,143.42893,6.86656,10.8
7,2025-02-05,96,2.35665,93.64335,8.76976,7.2
8,2025-02-05,168,0.39435,167.60565,6.4103,12.6
9,2025-02-05,144,0.13057,143.86943,13.16851,10.8
10,2025-02-05,120,0.46215,119.53785,23.83338,9.0
11,2025-02-05,120,2.08549,117.91451,10.58406,9.0
12,2025-02-05,72,0.75908,71.24092,19.43478,5.4
13,2025-02-05,72,0.43185,71.56815,6.28514,5.4
14,2025-02-05,120,1.63517,118.36483,34.23024,9.0
15,2025-02-05,72,1.18716,70.81284,17.07582,5.4
16,2025-02-05,192,5.67871,186.32129,18.74098,14.4
17,2025-02-05,192,0.06493,191.93507,66.44886,14.4
18,2025-02-05,96,0.00354,95.99646,49.31406,7.2
19,2025-02-05,120,4.84352,115.15648,12.40362,9.0
20,2025-02-05,168,0.3179,167.6821,4.55065,12.6
21,2025-02-05,96,0.02642,95.97358,2.00815,7.2
22,2025-02-05,96,2.46804,93.53196,3.37335,7.2
23,2025-02-05,120,2.86749,117.13251,10.75012,9.0
24,2025-02-05,96,2.70093,93.29907,3.76475,7.2
1,2025-02-06,72,0.0146,71.9854,4.61179,5.4
2,2025-02-06,144,0.23198,143.76802,47.87056,10.8
3,2025-02-06,192,0.98576,191.01424,14.10413,14.4
4,2025-02-06,120,0.33744,119.66256,26.94883,9.0
5,2025-02-06,168,1.23328,166.76672,7.6614,12.6
6,2025-02-06,144,1.86459,142.13541,8.25991,10.8
7,2025-02-06,96,0.55328,95.44672,17.75297,7.2
8,2025-02-06,168,0.29465,167.70535,6.97614,12.6
9,2025-02-06,144,0.83738,143.16262,5.98637,10.8
10,2025-02-06,120,0.39566,119.60434,12.11825,9.0
11,2025-02-06,120,1.20399,118.79601,7.01795,9.0
12,2025-02-06,72,0.39351,71.60649,9.17373,5.4
13,2025-02-06,72,12.64993,59.35007,8.92588,5.4
14,2025-02-06,120,0.17567,119.82433,38.24063,9.0
15,2025-02-06,72,1.67168,70.32832,27.83504,5.4
16,2025-02-06,192,0.00306,191.99694,15.69179,14.4
17,2025-02-06,192,0.56254,191.43746,66.73425,14.4
18,2025-02-06,96,2.98446,93.01554,30.76311,7.2
19,2025-02-06,120,1.32878,118.67122,3.20712,9.0
20,2025-02-06,168,2.7953,165.2047,7.6277,12.6
21,2025-02-06,96,1.3417,94.6583,4.49459,7.2
22,2025-02-06,96,2.58957,93.41043,3.37264,7.2
23,2025-02-06,120,0.74388,119.25612,8.2579,9.0
24,2025-02-06,96,1.33752,94.66248,8.98248,7.2
1,2025-02-07,72,0.04494,71.95506,2.34775,5.4
2,2025-02-07,144,0.01044,143.98956,29.59286,10.8
3,2025-02-07,192,3.99047,188.00953,9.19456,14.4
4,2025-02-07,120,0.08974,119.91026,28.51833,9.0
5,2025-02-07,168,0.08097,167.91903,10.69726,12.6
6,2025-02-07,144,0.21853,143.78147,7.3895,10.8
7,2025-02-07,96,0.1838,95.8162,24.73782,7.2
8,2025-02-07,168,0.49673,167.50327,4.21404,12.6
9,2025-02-07,144,0.07458,143.92542,9.58492,10.8
10,2025-02-07,120,1.22184,118.77816,16.61549,9.0
11,2025-02-07,120,0.14863,119.85137,8.0491,9.0
12,2025-02-07,72,0.2427,71.7573,13.06634,5.4
13,2025-02-07,72,0.11619,71.88381,9.50114,5.4
14,2025-02-07,120,6.28935,113.71065,36.50783,9.0
15,2025-02-07,72,0.01792,71.98208,11.57316,5.4
16,2025-02-07,192,1.4652,190.5348,13.19703,14.4
17,2025-02-07,192,8.32439,183.67561,81.28069,14.4
18,2025-02-07,96,3.63656,92.36344,35.82322,7.2
19,2025-02-07,120,1.97738,118.02262,18.57169,9.0
20,2025-02-07,168,6.46293,161.53707,6.28565,12.6
21,2025-02-07,96,0.49065,95.50935,3.4116,7.2
22,2025-02-07,96,0.00546,95.99454,4.70714,7.2
23,2025-02-07,120,0.57827,119.42173,5.21449,9.0
24,2025-02-07,96,0.10152,95.89848,7.31363,7.2
1,2025-02-08,72,1.45276,70.54724,3.57648,5.4
2,2025-02-08,144,0.0704,143.9296,36.72434,10.8
3,2025-02-08,192,0.18513,191.81487,8.67072,14.4
4,2025-02-08,120,3.96315,116.03685,26.53658,9.0
5,2025-02-08,168,2.07872,165.92128,9.74107,12.6
6,2025-02-08,144,0.05827,143.94173,11.90227,10.8
7,2025-02-08,96,1.55145,94.44855,15.11156,7.2
8,2025-02-08,168,0.20009,167.79991,6.56438,12.6
9,2025-02-08,144,6.02325,137.97675,6.53448,10.8
10,2025-02-08,120,0.79533,119.20467,20.38663,9.0
11,2025-02-08,120,4.24167,115.75833,10.36608,9.0
12,2025-02-08,72,0.41817,71.58183,11.33549,5.4
13,2025-02-08,72,1.20734,70.79266,9.41806,5.4
14,2025-02-08,120,0.20517,119.79483,32.34016,9.0
15,2025-02-08,72,0.44999,71.55001,23.14982,5.4
16,2025-02-08,192,1.58967,190.41033,22.6963,14.4
17,2025-02-08,192,0.70694,191.29306,54.89711,14.4
18,2025-02-08,96,1.71536,94.28464,30.84277,7.2
19,2025-02-08,120,0.23068,119.76932,12.19871,9.0
20,2025-02-08,168,3.09317,164.90683,2.92845,12.6
21,2025-02-08,96,2.66829,93.33171,3.65063,7.2
22,2025-02-08,96,0.00281,95.99719,3.75281,7.2
23,2025-02-08,120,0.30321,119.69679,3.12809,9.0
24,2025-02-08,96,0.00058,95.99942,8.99219,7.2
1,2025-02-09,72,0.97749,71.02251,3.10856,5.4
2,2025-02-09,144,5.9572,138.0428,31.28823,10.8
3,2025-02-09,192,0.63992,191.36008,12.06988,14.4
4,2025-02-09,120,0.25745,119.74255,27.2482,9.0
5,2025-02-09,168,1.75419,166.24581,11.18499,12.6
6,2025-02-09,144,0.44493,143.55507,9.06554,10.8
7,2025-02-09,96,1.30638,94.69362,6.6819,7.2
8,2025-02-09,168,0.06971,167.93029,6.26708,12.6
9,2025-02-09,144,0.17586,143.82414,8.58504,10.8
10,2025-02-09,120,0.01337,119.98663,16.27111,9.0
11,2025-02-09,120,11.76358,108.23642,9.72737,9.0
12,2025-02-09,72,0.03223,71.96777,6.54368,5.4
13,2025-02-09,72,0.35663,71.64337,7.32052,5.4
14,2025-02-09,120,0.11312,119.88688,41.73325,9.0
15,2025-02-09,72,0.0076,71.9924,23.91091,5.4
16,2025-02-09,192,4.45793,187.54207,23.03005,14.4
17,2025-02-09,192,0.01249,191.98751,53.00843,14.4
18,2025-02-09,96,1.57313,94.42687,28.90911,7.2
19,2025-02-09,120,0.05246,119.94754,10.44062,9.0
20,2025-02-09,168,0.12279,167.87721,4.48359,12.6
21,2025-02-09,96,0.73192,95.26808,2.99412,7.2
22,2025-02-09,96,4.32549,91.67451,3.67229,7.2
23,2025-02-09,120,0.05681,119.94319,4.75077,9.0
24,2025-02-09,96,0.66399,95.33601,24.29209,7.2
1,2025-02-10,72,2.00403,69.99597,7.31121,5.4
2,2025-02-10,144,0.0003,143.9997,25.11478,10.8
3,2025-02-10,192,3.725,188.275,16.01934,14.4
4,2025-02-10,120,0.52829,119.47171,30.38668,9.0
5,2025-02-10,168,1.63927,166.36073,11.08142,12.6
6,2025-02-10,144,1.94938,142.05062,9.70533,10.8
7,2025-02-10,96,1.19987,94.80013,12.24748,7.2
8,2025-02-10,168,1.19592,166.80408,6.49655,12.6
9,2025-02-10,144,1.14354,142.85646,8.88472,10.8
10,2025-02-10,120,3.30581,116.69419,16.71691,9.0
11,2025-02-10,120,3.03516,116.96484,8.25095,9.0
12,2025-02-10,72,0.80482,71.19518,9.70038,5.4
13,2025-02-10,72,0.72222,71.27778,8.201,5.4
14,2025-02-10,120,0.00701,119.99299,35.19459,9.0
15,2025-02-10,72,0.14167,71.85833,20.88722,5.4
16,2025-02-10,192,1.36146,190.63854,22.07466,14.4
17,2025-02-10,192,2.34674,189.65326,71.385,14.4
18,2025-02-10,96,2.69522,93.30478,29.40045,7.2
19,2025-02-10,120,0.75196,119.24804,5.7707,9.0
20,2025-02-10,168,1.70338,166.29662,4.81316,12.6
21,2025-02-10,96,2.20204,93.79796,4.6855,7.2
22,2025-02-10,96,3.43048,92.56952,6.65276,7.2
23,2025-02-10,120,0.02278,119.97722,3.05178,9.0
24,2025-02-10,96,0.68967,95.31033,9.46022,7.2
1,2025-02-11,72,0.6075,71.3925,3.95125,5.4
2,2025-02-11,144,6.40651,137.59349,49.92974,10.8
3,2025-02-11,192,1.68713,190.31287,10.04449,14.4
4,2025-02-11,120,0.33603,119.66397,26.36631,9.0
5,2025-02-11,168,3.28301,164.71699,8.1563,12.6
6,2025-02-11,144,0.00296,143.99704,4.38118,10.8
7,2025-02-11,96,1.98697,94.01303,6.30642,7.2
8,2025-02-11,168,0.03423,167.96577,6.6607,12.6
9,2025-02-11,144,0.086,143.914,9.35658,10.8
10,2025-02-11,120,1.42314,118.57686,14.58728,9.0
11,2025-02-11,120,0.2961,119.7039,6.9637,9.0
12,2025-02-11,72,0.52093,71.47907,5.59908,5.4
13,2025-02-11,72,3.65071,68.34929,9.03114,5.4
14,2025-02-11,120,0.57066,119.42934,29.74407,9.0
15,2025-02-11,72,0.91336,71.08664,14.73998,5.4
16,2025-02-11,192,4.09987,187.90013,14.9183,14.4
17,2025-02-11,192,8.14347,183.85653,59.20367,14.4
18,2025-02-11,96,3.3303,92.6697,36.98593,7.2
19,2025-02-11,120,1.69785,118.30215,13.43452,9.0
20,2025-02-11,168,0.51143,167.48857,3.99484,12.6
21,2025-02-11,96,3.05701,92.94299,0.96125,7.2
22,2025-02-11,96,0.00595,95.99405,4.44323,7.2
23,2025-02-11,120,0.3105,119.6895,9.77868,9.0
24,2025-02-11,96,1.90566,94.09434,10.77393,7.2
1,2025-02-12,72,1.42142,70.57858,5.35037,5.4
2,2025-02-12,144,0.07142,143.92858,23.90809,10.8
3,2025-02-12,192,1.01572,190.98428,8.65689,14.4
4,2025-02-12,120,7.60357,112.39643,32.58125,9.0
5,2025-02-12,168,0.2994,167.7006,10.15486,12.6
6,2025-02-12,144,0.65035,143.34965,8.88102,10.8
7,2025-02-12,96,1.24464,94.75536,13.58125,7.2
8,2025-02-12,168,0.5261,167.4739,9.74991,12.6
9,2025-02-12,144,0.00682,143.99318,9.20815,10.8
10,2025-02-12,120,0.00221,119.99779,21.75381,9.0
11,2025-02-12,120,0.27201,119.72799,7.03182,9.0
12,2025-02-12,72,0.58496,71.41504,15.4247,5.4
13,2025-02-12,72,1.79182,70.20818,14.07614,5.4
14,2025-02-12,120,0.4144,119.5856,27.11956,9.0
15,2025-02-12,72,0.07852,71.92148,14.61273,5.4
16,2025-02-12,192,1.44097,190.55903,14.92855,14.4
17,2025-02-12,192,0.24878,191.75122,70.25364,14.4
18,2025-02-12,96,0.85083,95.14917,21.64184,7.2
19,2025-02-12,120,3.51838,116.48162,12.69599,9.0
20,2025-02-12,168,0.06024,167.93976,3.23781,12.6
21,2025-02-12,96,3.91628,92.08372,6.06925,7.2
22,2025-02-12,96,0.06331,95.93669,4.89472,7.2
23,2025-02-12,120,0.2187,119.7813,4.4007,9.0
24,2025-02-12,96,0.20609,95.79391,7.3704,7.2
1,2025-02-13,72,0.44719,71.55281,5.23299,5.4
2,2025-02-13,144,0.83266,143.16734,33.23563,10.8
3,2025-02-13,192,0.01508,191.98492,15.64789,14.4
4,2025-02-13,120,0.06752,119.93248,35.91909,9.0
5,2025-02-13,168,0.01765,167.98235,5.57409,12.6
6,2025-02-13,144,0.91094,143.08906,12.54924,10.8
7,2025-02-13,96,4.03742,91.96258,8.0061,7.2
8,2025-02-13,168,0.1366,167.8634,7.09505,12.6
9,2025-02-13,144,0.60965,143.39035,10.99654,10.8
10,2025-02-13,120,0.04527,119.95473,10.61955,9.0
11,2025-02-13,120,1.52508,118.47492,6.57335,9.0
12,2025-02-13,72,0.55467,71.44533,7.07307,5.4
13,2025-02-13,72,0.30193,71.69807,12.41674,5.4
14,2025-02-13,120,2.64914,117.35086,41.05556,9.0
15,2025-02-13,72,5.07785,66.92215,13.14319,5.4
16,2025-02-13,192,2.1311,189.8689,17.25927,14.4
17,2025-02-13,192,3.04706,188.95294,67.15459,14.4
18,2025-02-13,96,6.57544,89.42456,31.71014,7.2
19,2025-02-13,120,0.00702,119.99298,6.55424,9.0
20,2025-02-13,168,2.17403,165.82597,5.19228,12.6
21,2025-02-13,96,0.30121,95.69879,3.21545,7.2
22,2025-02-13,96,0.44373,95.55627,3.87915,7.2
23,2025-02-13,120,0.00593,119.99407,3.42429,9.0
24,2025-02-13,96,2.64632,93.35368,10.19893,7.2
1,2025-02-14,72,4.65477,67.34523,5.05779,5.4
2,2025-02-14,144,0.70799,143.29201,24.773,10.8
3,2025-02-14,192,1.66085,190.33915,11.97346,14.4
4,2025-02-14,120,0.52332,119.47668,36.34127,9.0
5,2025-02-14,168,0.24903,167.75097,9.78709,12.6
6,2025-02-14,144,0.46783,143.53217,9.26546,10.8
7,2025-02-14,96,0.04481,95.95519,15.45097,7.2
8,2025-02-14,168,1.6848,166.3152,8.24617,12.6
9,2025-02-14,144,0.77565,143.22435,5.84346,10.8
10,2025-02-14,120,0.0371,119.9629,18.79718,9.0
11,2025-02-14,120,0.10376,119.89624,8.37426,9.0
12,2025-02-14,72,1.42435,70.57565,12.19763,5.4
13,2025-02-14,72,0.11481,71.88519,6.75712,5.4
14,2025-02-14,120,2.51871,117.48129,34.39057,9.0
15,2025-02-14,72,6.39619,65.60381,24.32585,5.4
16,2025-02-14,192,0.00031,191.99969,19.18013,14.4
17,2025-02-14,192,2.38932,189.61068,44.40047,14.4
18,2025-02-14,96,3.05011,92.94989,39.05464,7.2
19,2025-02-14,120,3.45263,116.54737,20.08879,9.0
20,2025-02-14,168,0.63216,167.36784,4.81057,12.6
21,2025-02-14,96,0.35383,95.64617,2.64216,7.2
22,2025-02-14,96,1.6,94.4,4.19988,7.2
23,2025-02-14,120,0.14221,119.85779,7.78142,9.0
24,2025-02-14,96,0.16012,95.83988,9.24185,7.2
1,2025-02-15,72,0.51684,71.48316,5.72718,5.4
2,2025-02-15,144,4.34143,139.65857,41.41077,10.8
3,2025-02-15,192,0.13575,191.86425,12.75714,14.4
4,2025-02-15,120,0.66816,119.33184,28.94854,9.0
5,2025-02-15,168,9.46953,158.53047,10.79189,12.6
6,2025-02-15,144,2.07544,141.92456,11.77748,10.8
7,2025-02-15,96,1.26659,94.73341,10.44825,7.2
8,2025-02-15,168,0.21645,167.78355,10.96896,12.6
9,2025-02-15,144,0.54907,143.45093,7.19814,10.8
10,2025-02-15,120,1.99216,118.00784,14.80676,9.0
11,2025-02-15,120,1.01081,118.98919,8.30786,9.0
12,2025-02-15,72,0.45076,71.54924,4.69206,5.4
13,2025-02-15,72,1.83066,70.16934,4.06822,5.4
14,2025-02-15,120,0.12444,119.87556,42.12025,9.0
15,2025-02-15,72,1.40848,70.59152,23.67561,5.4
16,2025-02-15,192,0.02007,191.97993,12.10118,14.4
17,2025-02-15,192,0.07438,191.92562,44.3386,14.4
18,2025-02-15,96,0.90016,95.09984,36.42431,7.2
19,2025-02-15,120,0.03539,119.96461,20.89099,9.0
20,2025-02-15,168,2.51481,165.48519,6.53054,12.6
21,2025-02-15,96,1.58606,94.41394,4.78636,7.2
22,2025-02-15,96,0.55032,95.44968,3.49441,7.2
23,2025-02-15,120,5e-05,119.99995,2.30123,9.0
24,2025-02-15,96,3.7667,92.2333,8.06676,7.2
1,2025-02-16,72,2.39757,69.60243,5.11073,5.4
2,2025-02-16,144,0.03737,143.96263,45.16552,10.8
3,2025-02-16,192,2.35486,189.64514,14.47874,14.4
4,2025-02-16,120,1.08435,118.91565,31.46688,9.0
5,2025-02-16,168,0.75435,167.24565,13.03722,12.6
6,2025-02-16,144,2.10223,141.89777,10.92017,10.8
7,2025-02-16,96,0.08628,95.91372,12.05728,7.2
8,2025-02-16,168,2.71442,165.28558,10.29071,12.6
9,2025-02-16,144,0.09733,143.90267,6.88895,10.8
10,2025-02-16,120,0.58294,119.41706,21.53113,9.0
11,2025-02-16,120,0.07394,119.92606,6.4641,9.0
12,2025-02-16,72,0.61578,71.38422,16.39222,5.4
13,2025-02-16,72,9.50495,62.49505,9.31686,5.4
14,2025-02-16,120,0.00016,119.99984,26.80319,9.0
15,2025-02-16,72,0.40417,71.59583,14.26252,5.4
16,2025-02-16,192,0.17203,191.82797,17.19462,14.4
17,2025-02-16,192,1.54264,190.45736,50.05715,14.4
18,2025-02-16,96,2.50623,93.49377,19.36624,7.2
19,2025-02-16,120,0.04628,119.95372,21.24082,9.0
20,2025-02-16,168,1.04409,166.95591,7.01325,12.6
21,2025-02-16,96,0.94388,95.05612,2.56408,7.2
22,2025-02-16,96,0.00453,95.99547,1.65597,7.2
23,2025-02-16,120,2.19515,117.80485,10.80542,9.0
24,2025-02-16,96,2.08026,93.91974,9.51174,7.2
1,2025-02-17,72,0.08542,71.91458,4.49308,5.4
2,2025-02-17,144,2.78416,141.21584,33.18627,10.8
3,2025-02-17,192,5.08889,186.91111,13.56778,14.4
4,2025-02-17,120,0.04605,119.95395,41.80602,9.0
5,2025-02-17,168,0.16662,167.83338,9.72967,12.6
6,2025-02-17,144,0.09394,143.90606,11.01439,10.8
7,2025-02-17,96,2.47607,93.52393,14.36572,7.2
8,2025-02-17,168,0.05094,167.94906,5.97908,12.6
9,2025-02-17,144,1.75468,142.24532,9.40168,10.8
10,2025-02-17,120,1.5782,118.4218,20.72286,9.0
11,2025-02-17,120,4.27415,115.72585,8.4208,9.0
12,2025-02-17,72,8.9137,63.0863,14.12246,5.4
13,2025-02-17,72,3.19316,68.80684,4.78392,5.4
14,2025-02-17,120,1.12544,118.87456,32.14996,9.0
15,2025-02-17,72,2.55889,69.44111,26.90097,5.4
16,2025-02-17,192,0.09673,191.90327,20.37754,14.4
17,2025-02-17,192,3.45661,188.54339,43.09595,14.4
18,2025-02-17,96,0.13166,95.86834,26.00056,7.2
19,2025-02-17,120,0.45857,119.54143,12.21437,9.0
20,2025-02-17,168,0.54673,167.45327,5.00584,12.6
21,2025-02-17,96,1.50218,94.49782,3.49128,7.2
22,2025-02-17,96,2.95878,93.04122,7.62016,7.2
23,2025-02-17,120,0.69692,119.30308,6.26009,9.0
24,2025-02-17,96,0.65355,95.34645,9.02402,7.2
1,2025-02-18,72,0.52801,71.47199,5.11553,5.4
2,2025-02-18,144,2.32601,141.67399,30.36305,10.8
3,2025-02-18,192,0.00234,191.99766,9.23099,14.4
4,2025-02-18,120,0.52848,119.47152,27.45792,9.0
5,2025-02-18,168,0.95602,167.04398,10.90259,12.6
6,2025-02-18,144,4.83026,139.16974,10.93257,10.8
7,2025-02-18,96,1.37212,94.62788,18.67117,7.2
8,2025-02-18,168,0.0674,167.9326,4.21322,12.6
9,2025-02-18,144,0.53203,143.46797,10.92995,10.8
10,2025-02-18,120,0.37279,119.62721,14.36901,9.0
11,2025-02-18,120,2.52451,117.47549,9.60183,9.0
12,2025-02-18,72,0.78406,71.21594,10.51701,5.4
13,2025-02-18,72,2.10077,69.89923,7.5848,5.4
14,2025-02-18,120,1.93208,118.06792,35.52612,9.0
15,2025-02-18,72,3.69619,68.30381,18.49825,5.4
16,2025-02-18,192,0.47008,191.52992,15.72414,14.4
17,2025-02-18,192,3.84509,188.15491,54.43085,14.4
18,2025-02-18,96,0.06854,95.93146,36.2189,7.2
19,2025-02-18,120,0.22105,119.77895,10.92123,9.0
20,2025-02-18,168,0.13446,167.86554,5.37529,12.6
21,2025-02-18,96,3.75671,92.24329,3.89413,7.2
22,2025-02-18,96,3.24793,92.75207,6.60962,7.2
23,2025-02-18,120,0.02885,119.97115,3.67379,9.0
24,2025-02-18,96,5.19758,90.80242,15.28618,7.2
1,2025-02-19,72,2.06026,69.93974,7.10992,5.4
2,2025-02-19,144,1.9911,142.0089,45.93467,10.8
3,2025-02-19,192,1.32196,190.67804,17.19407,14.4
4,2025-02-19,120,4.80112,115.19888,34.35217,9.0
5,2025-02-19,168,1.3671,166.6329,13.44802,12.6
6,2025-02-19,144,0.94785,143.05215,13.93558,10.8
7,2025-02-19,96,0.23969,95.76031,19.22052,7.2
8,2025-02-19,168,1.72531,166.27469,6.98018,12.6
9,2025-02-19,144,0.06004,143.93996,4.81373,10.8
10,2025-02-19,120,1.85748,118.14252,12.58644,9.0
11,2025-02-19,120,2.01111,117.98889,8.85492,9.0
12,2025-02-19,72,0.01113,71.98887,10.65623,5.4
13,2025-02-19,72,0.26143,71.73857,6.99695,5.4
14,2025-02-19,120,7.93845,112.06155,32.9718,9.0
15,2025-02-19,72,0.00183,71.99817,17.63484,5.4
16,2025-02-19,192,1.16132,190.83868,12.94643,14.4
17,2025-02-19,192,8.8218,183.1782,49.20805,14.4
18,2025-02-19,96,0.12462,95.87538,25.29898,7.2
19,2025-02-19,120,1.6432,118.3568,8.72078,9.0
20,2025-02-19,168,0.54155,167.45845,7.28355,12.6
21,2025-02-19,96,2.855,93.145,3.90251,7.2
22,2025-02-19,96,5.76218,90.23782,2.52534,7.2
23,2025-02-19,120,0.61049,119.38951,11.7587,9.0
24,2025-02-19,96,1.66108,94.33892,8.09397,7.2
1,2025-02-20,72,1.74602,70.25398,2.78368,5.4
2,2025-02-20,144,0.23204,143.76796,35.22955,10.8
3,2025-02-20,192,1.58286,190.41714,13.73845,14.4
4,2025-02-20,120,0.22336,119.77664,27.06852,9.0
5,2025-02-20,168,0.11875,167.88125,11.83368,12.6
6,2025-02-20,144,2.60161,141.39839,11.07976,10.8
7,2025-02-20,96,3.44528,92.55472,23.12523,7.2
8,2025-02-20,168,0.21474,167.78526,9.30493,12.6
9,2025-02-20,144,0.43952,143.56048,11.61954,10.8
10,2025-02-20,120,0.28683,119.71317,20.09702,9.0
11,2025-02-20,120,0.11198,119.88802,5.49734,9.0
12,2025-02-20,72,0.44885,71.55115,10.65405,5.4
13,2025-02-20,72,1.22731,70.77269,6.48883,5.4
14,2025-02-20,120,1.19224,118.80776,63.37132,9.0
15,2025-02-20,72,3.16248,68.83752,21.29472,5.4
16,2025-02-20,192,0.11272,191.88728,17.23692,14.4
17,2025-02-20,192,4.43554,187.56446,69.9917,14.4
18,2025-02-20,96,1.31451,94.68549,40.62383,7.2
19,2025-02-20,120,9.38904,110.61096,20.47988,9.0
20,2025-02-20,168,1.85432,166.14568,6.65771,12.6
21,2025-02-20,96,0.12599,95.87401,3.19178,7.2
22,2025-02-20,96,0.7701,95.2299,1.97957,7.2
23,2025-02-20,120,1.66162,118.33838,7.16066,9.0
24,2025-02-20,96,0.35781,95.64219,5.70391,7.2
1,2025-02-21,72,0.99218,71.00782,4.97981,5.4
2,2025-02-21,144,0.23578,143.76422,44.11823,10.8
3,2025-02-21,192,2.87708,189.12292,10.80172,14.4
4,2025-02-21,120,0.7831,119.2169,39.39276,9.0
5,2025-02-21,168,2.129,165.871,13.37056,12.6
6,2025-02-21,144,0.28242,143.71758,8.50433,10.8
7,2025-02-21,96,2.77412,93.22588,13.58949,7.2
8,2025-02-21,168,0.05559,167.94441,5.82621,12.6
9,2025-02-21,144,3.47376,140.52624,10.06903,10.8
10,2025-02-21,120,0.00816,119.99184,27.21878,9.0
11,2025-02-21,120,0.62215,119.37785,8.9574,9.0
12,2025-02-21,72,1.24907,70.75093,10.66465,5.4
13,2025-02-21,72,2.14699,69.85301,9.64128,5.4
14,2025-02-21,120,0.46344,119.53656,42.24077,9.0
15,2025-02-21,72,0.84084,71.15916,33.69564,5.4
16,2025-02-21,192,0.73879,191.26121,17.69427,14.4
17,2025-02-21,192,0.21778,191.78222,66.46911,14.4
18,2025-02-21,96,0.45559,95.54441,33.06149,7.2
19,2025-02-21,120,0.82245,119.17755,15.81916,9.0
20,2025-02-21,168,0.59388,167.40612,4.87891,12.6
21,2025-02-21,96,0.00056,95.99944,2.1344,7.2
22,2025-02-21,96,0.77888,95.22112,3.093,7.2
23,2025-02-21,120,0.47367,119.52633,7.53118,9.0
24,2025-02-21,96,0.04259,95.95741,8.43993,7.2
1,2025-02-22,72,1.43641,70.56359,5.13375,5.4
2,2025-02-22,144,0.01389,143.98611,34.42072,10.8
3,2025-02-22,192,2.03703,189.96297,15.84901,14.4
4,2025-02-22,120,0.25145,119.74855,33.89003,9.0
5,2025-02-22,168,0.70711,167.29289,13.37077,12.6
6,2025-02-22,144,0.32723,143.67277,12.43572,10.8
7,2025-02-22,96,0.35751,95.64249,12.39143,7.2
8,2025-02-22,168,2.98659,165.01341,5.37623,12.6
9,2025-02-22,144,1.33768,142.66232,9.48584,10.8
10,2025-02-22,120,0.73263,119.26737,15.60029,9.0
11,2025-02-22,120,0.6362,119.3638,11.72383,9.0
12,2025-02-22,72,0.07423,71.92577,11.14958,5.4
13,2025-02-22,72,0.08182,71.91818,14.14005,5.4
14,2025-02-22,120,1.78091,118.21909,35.62691,9.0
15,2025-02-22,72,0.96837,71.03163,16.03385,5.4
16,2025-02-22,192,0.20729,191.79271,20.31331,14.4
17,2025-02-22,192,2.36574,189.63426,58.31355,14.4
18,2025-02-22,96,6.93973,89.06027,28.02485,7.2
19,2025-02-22,120,0.07616,119.92384,16.88001,9.0
20,2025-02-22,168,0.40482,167.59518,3.28715,12.6
21,2025-02-22,96,0.21071,95.78929,1.86094,7.2
22,2025-02-22,96,3.71535,92.28465,4.80814,7.2
23,2025-02-22,120,0.53116,119.46884,5.34019,9.0
24,2025-02-22,96,3.96217,92.03783,7.16001,7.2
1,2025-02-23,72,3.20702,68.79298,3.46016,5.4
2,2025-02-23,144,0.02528,143.97472,29.97695,10.8
3,2025-02-23,192,0.04974,191.95026,9.06394,14.4
4,2025-02-23,120,0.35608,119.64392,21.22249,9.0
5,2025-02-23,168,0.28265,167.71735,11.14025,12.6
6,2025-02-23,144,0.30459,143.69541,10.11883,10.8
7,2025-02-23,96,0.26486,95.73514,11.52788,7.2
8,2025-02-23,168,0.34115,167.65885,7.4766,12.6
9,2025-02-23,144,2.13629,141.86371,13.40484,10.8
10,2025-02-23,120,2.2153,117.7847,10.57246,9.0
11,2025-02-23,120,3e-05,119.99997,11.1658,9.0
12,2025-02-23,72,0.31175,71.68825,5.19475,5.4
13,2025-02-23,72,0.09119,71.90881,11.827,5.4
14,2025-02-23,120,0.28839,119.71161,39.51624,9.0
15,2025-02-23,72,3.43489,68.56511,17.22167,5.4
16,2025-02-23,192,0.68627,191.31373,16.45094,14.4
17,2025-02-23,192,0.12179,191.87821,48.34369,14.4
18,2025-02-23,96,1.37213,94.62787,31.39668,7.2
19,2025-02-23,120,0.00238,119.99762,10.97264,9.0
20,2025-02-23,168,1.16656,166.83344,6.52264,12.6
21,2025-02-23,96,0.24056,95.75944,4.59414,7.2
22,2025-02-23,96,1.27641,94.72359,6.7661,7.2
23,2025-02-23,120,0.08926,119.91074,8.92699,9.0
24,2025-02-23,96,0.68217,95.31783,9.83542,7.2
1,2025-02-24,72,2.60562,69.39438,3.55008,5.4
2,2025-02-24,144,2.04987,141.95013,29.79723,10.8
3,2025-02-24,192,1.54596,190.45404,12.31744,14.4
4,2025-02-24,120,1.68508,118.31492,13.65571,9.0
5,2025-02-24,168,0.51672,167.48328,11.17419,12.6
6,2025-02-24,144,0.23179,143.76821,7.55227,10.8
7,2025-02-24,96,4.05979,91.94021,10.69563,7.2
8,2025-02-24,168,0.14023,167.85977,4.69492,12.6
9,2025-02-24,144,0.38053,143.61947,4.55521,10.8
10,2025-02-24,120,0.75701,119.24299,17.98814,9.0
11,2025-02-24,120,1.20941,118.79059,6.76293,9.0
12,2025-02-24,72,3.42126,68.57874,9.32403,5.4
13,2025-02-24,72,0.14502,71.85498,11.58348,5.4
14,2025-02-24,120,3.06764,116.93236,50.51159,9.0
15,2025-02-24,72,1.19684,70.80316,18.94153,5.4
16,2025-02-24,192,2.41091,189.58909,15.28026,14.4
17,2025-02-24,192,2.01214,189.98786,69.42956,14.4
18,2025-02-24,96,0.09515,95.90485,33.58778,7.2
19,2025-02-24,120,1.02933,118.97067,11.39501,9.0
20,2025-02-24,168,0.87287,167.12713,2.86231,12.6
21,2025-02-24,96,1.09979,94.90021,2.95243,7.2
22,2025-02-24,96,0.579,95.421,5.1734,7.2
23,2025-02-24,120,0.86807,119.13193,8.06301,9.0
24,2025-02-24,96,0.00494,95.99506,5.9484,7.2
1,2025-02-25,72,1.25855,70.74145,4.65928,5.4
2,2025-02-25,144,1.57496,142.42504,55.91111,10.8
3,2025-02-25,192,1.67135,190.32865,13.2092,14.4
4,2025-02-25,120,1.77092,118.22908,31.95809,9.0
5,2025-02-25,168,2.65895,165.34105,15.56734,12.6
6,2025-02-25,144,0.19402,143.80598,7.04688,10.8
7,2025-02-25,96,0.68279,95.31721,8.67238,7.2
8,2025-02-25,168,0.25886,167.74114,5.49969,12.6
9,2025-02-25,144,0.02758,143.97242,7.55647,10.8
10,2025-02-25,120,0.4557,119.5443,14.45112,9.0
11,2025-02-25,120,0.9884,119.0116,10.08605,9.0
12,2025-02-25,72,0.06078,71.93922,17.11532,5.4
13,2025-02-25,72,6.13933,65.86067,9.78213,5.4
14,2025-02-25,120,1.15781,118.84219,27.75311,9.0
15,2025-02-25,72,0.42444,71.57556,19.46697,5.4
16,2025-02-25,192,2.46956,189.53044,15.28912,14.4
17,2025-02-25,192,12.26105,179.73895,57.71946,14.4
18,2025-02-25,96,3.72244,92.27756,31.82008,7.2
19,2025-02-25,120,0.41507,119.58493,15.44825,9.0
20,2025-02-25,168,0.74968,167.25032,5.23206,12.6
21,2025-02-25,96,3.13965,92.86035,2.06481,7.2
22,2025-02-25,96,0.19519,95.80481,3.91512,7.2
23,2025-02-25,120,0.06866,119.93134,4.96217,9.0
24,2025-02-25,96,2.35055,93.64945,5.67176,7.2
1,2025-02-26,72,0.55575,71.44425,3.55282,5.4
2,2025-02-26,144,4.41627,139.58373,24.40375,10.8
3,2025-02-26,192,0.4579,191.5421,19.43326,14.4
4,2025-02-26,120,0.89099,119.10901,30.06446,9.0
5,2025-02-26,168,0.00617,167.99383,8.34654,12.6
6,2025-02-26,144,1.06583,142.93417,10.13911,10.8
7,2025-02-26,96,2.63619,93.36381,12.87571,7.2
8,2025-02-26,168,1.91268,166.08732,11.56424,12.6
9,2025-02-26,144,4.61614,139.38386,10.95119,10.8
10,2025-02-26,120,0.95984,119.04016,17.97928,9.0
11,2025-02-26,120,0.19342,119.80658,6.39738,9.0
12,2025-02-26,72,0.38332,71.61668,11.50105,5.4
13,2025-02-26,72,0.86855,71.13145,8.0641,5.4
14,2025-02-26,120,2.92776,117.07224,37.57009,9.0
15,2025-02-26,72,0.15076,71.84924,19.18826,5.4
16,2025-02-26,192,1.00248,190.99752,17.10387,14.4
17,2025-02-26,192,1.08393,190.91607,49.55753,14.4
18,2025-02-26,96,1.89212,94.10788,19.07258,7.2
19,2025-02-26,120,0.24085,119.75915,20.60451,9.0
20,2025-02-26,168,0.08975,167.91025,4.36981,12.6
21,2025-02-26,96,2.85383,93.14617,2.87499,7.2
22,2025-02-26,96,0.15093,95.84907,5.26542,7.2
23,2025-02-26,120,1.07534,118.92466,10.76235,9.0
24,2025-02-26,96,0.01646,95.98354,19.82532,7.2
1,2025-02-27,72,0.20229,71.79771,2.73188,5.4
2,2025-02-27,144,3.75758,140.24242,29.35756,10.8
3,2025-02-27,192,2.69217,189.30783,8.48876,14.4
4,2025-02-27,120,0.47533,119.52467,26.31846,9.0
5,2025-02-27,168,7.72335,160.27665,12.15522,12.6
6,2025-02-27,144,3.23424,140.76576,10.10828,10.8
7,2025-02-27,96,4.79553,91.20447,18.77289,7.2
8,2025-02-27,168,0.09036,167.90964,7.94944,12.6
9,2025-02-27,144,0.01914,143.98086,10.17668,10.8
10,2025-02-27,120,0.19678,119.80322,27.00671,9.0
11,2025-02-27,120,8.34963,111.65037,10.41262,9.0
12,2025-02-27,72,1.17614,70.82386,8.74243,5.4
13,2025-02-27,72,2.46545,69.53455,17.61539,5.4
14,2025-02-27,120,0.13215,119.86785,44.24016,9.0
15,2025-02-27,72,0.77851,71.22149,14.87835,5.4
16,2025-02-27,192,5.82492,186.17508,13.28351,14.4
17,2025-02-27,192,2.62062,189.37938,63.73704,14.4
18,2025-02-27,96,2.78322,93.21678,26.70482,7.2
19,2025-02-27,120,4.73378,115.26622,20.05687,9.0
20,2025-02-27,168,1.39395,166.60605,7.95962,12.6
21,2025-02-27,96,2.11266,93.88734,3.0309,7.2
22,2025-02-27,96,0.305,95.695,4.59701,7.2
23,2025-02-27,120,1.03095,118.96905,3.73922,9.0
24,2025-02-27,96,0.17173,95.82827,10.59773,7.2
1,2025-02-28,72,3.78868,68.21132,3.03242,5.4
2,2025-02-28,144,0.01393,143.98607,25.48768,10.8
3,2025-02-28,192,1.71491,190.28509,10.40085,14.4
4,2025-02-28,120,1.17782,118.82218,34.33399,9.0
5,2025-02-28,168,4.44955,163.55045,12.68841,12.6
6,2025-02-28,144,0.38682,143.61318,12.31216,10.8
7,2025-02-28,96,0.42977,95.57023,11.92399,7.2
8,2025-02-28,168,0.00076,167.99924,7.40621,12.6
9,2025-02-28,144,0.50719,143.49281,8.49476,10.8
10,2025-02-28,120,0.70492,119.29508,27.9411,9.0
11,2025-02-28,120,0.98563,119.01437,7.82334,9.0
12,2025-02-28,72,0.15444,71.84556,14.83432,5.4
13,2025-02-28,72,2.44998,69.55002,10.5787,5.4
14,2025-02-28,120,5.99754,114.00246,27.39424,9.0
15,2025-02-28,72,0.70703,71.29297,26.41086,5.4
16,2025-02-28,192,3.63307,188.36693,23.69061,14.4
17,2025-02-28,192,0.25973,191.74027,65.15606,14.4
18,2025-02-28,96,8.55057,87.44943,44.73738,7.2
19,2025-02-28,120,0.00016,119.99984,10.45681,9.0
20,2025-02-28,168,0.71576,167.28424,6.01377,12.6
21,2025-02-28,96,0.20554,95.79446,2.14258,7.2
22,2025-02-28,96,1.66103,94.33897,2.30305,7.2
23,2025-02-28,120,0.25034,119.74966,3.1812,9.0
24,2025-02-28,96,0.06439,95.93561,10.84799,7.2
1,2025-03-01,72,0.31968,71.68032,3.93514,5.4
2,2025-03-01,144,0.03834,143.96166,44.35299,10.8
3,2025-03-01,192,0.1528,191.8472,9.77367,14.4
4,2025-03-01,120,0.14133,119.85867,23.07213,9.0
5,2025-03-01,168,0.97489,167.02511,10.43924,12.6
6,2025-03-01,144,4.56833,139.43167,9.4038,10.8
7,2025-03-01,96,3.49779,92.50221,18.33975,7.2
8,2025-03-01,168,0.17678,167.82322,5.53459,12.6
9,2025-03-01,144,5.96892,138.03108,5.40836,10.8
10,2025-03-01,120,1.35807,118.64193,19.38941,9.0
11,2025-03-01,120,0.09484,119.90516,3.96891,9.0
12,2025-03-01,72,2.59843,69.40157,8.7739,5.4
13,2025-03-01,72,0.17646,71.82354,11.13238,5.4
14,2025-03-01,120,0.21472,119.78528,32.33656,9.0
15,2025-03-01,72,4.08085,67.91915,18.50563,5.4
16,2025-03-01,192,10.26361,181.73639,15.36952,14.4
17,2025-03-01,192,2.02863,189.97137,57.09896,14.4
18,2025-03-01,96,0.7595,95.2405,16.064,7.2
19,2025-03-01,120,1.41423,118.58577,39.51139,9.0
20,2025-03-01,168,0.29321,167.70679,7.47476,12.6
21,2025-03-01,96,1.42639,94.57361,3.73366,7.2
22,2025-03-01,96,0.27849,95.72151,4.34737,7.2
23,2025-03-01,120,1.28305,118.71695,8.31614,9.0
24,2025-03-01,96,0.72695,95.27305,9.57763,7.2
1,2025-03-02,72,2.56712,69.43288,3.38741,5.4
2,2025-03-02,144,1.33589,142.66411,35.84924,10.8
3,2025-03-02,192,0.26194,191.73806,15.80763,14.4
4,2025-03-02,120,6.48949,113.51051,35.26115,9.0
5,2025-03-02,168,0.20822,167.79178,7.79734,12.6
6,2025-03-02,144,0.12136,143.87864,9.89157,10.8
7,2025-03-02,96,0.21202,95.78798,17.7138,7.2
8,2025-03-02,168,0.91048,167.08952,6.44677,12.6
9,2025-03-02,144,0.53457,143.46543,8.0955,10.8
10,2025-03-02,120,0.01797,119.98203,17.07352,9.0
11,2025-03-02,120,1.06126,118.93874,7.42883,9.0
12,2025-03-02,72,6.29419,65.70581,14.16081,5.4
13,2025-03-02,72,5.21714,66.78286,9.74206,5.4
14,2025-03-02,120,0.10344,119.89656,39.4065,9.0
15,2025-03-02,72,4.516,67.484,15.29805,5.4
16,2025-03-02,192,0.30351,191.69649,21.79294,14.4
17,2025-03-02,192,5.06523,186.93477,61.96047,14.4
18,2025-03-02,96,0.58692,95.41308,23.69725,7.2
19,2025-03-02,120,1.26951,118.73049,8.314,9.0
20,2025-03-02,168,0.82647,167.17353,3.38647,12.6
21,2025-03-02,96,0.07897,95.92103,1.91201,7.2
22,2025-03-02,96,0.70857,95.29143,4.84998,7.2
23,2025-03-02,120,0.01241,119.98759,8.97117,9.0
24,2025-03-02,96,0.04135,95.95865,15.08948,7.2
1,2025-03-03,72,0.72421,71.27579,3.94785,5.4
2,2025-03-03,144,0.80115,143.19885,46.15088,10.8
3,2025-03-03,192,0.16012,191.83988,11.46513,14.4
4,2025-03-03,120,1.61976,118.38024,21.90067,9.0
5,2025-03-03,168,0.29859,167.70141,10.09433,12.6
6,2025-03-03,144,4.37478,139.62522,8.51968,10.8
7,2025-03-03,96,1.19263,94.80737,14.05162,7.2
8,2025-03-03,168,0.47942,167.52058,8.70186,12.6
9,2025-03-03,144,0.78343,143.21657,15.28806,10.8
10,2025-03-03,120,7.83235,112.16765,13.82441,9.0
11,2025-03-03,120,2.35877,117.64123,13.77918,9.0
12,2025-03-03,72,1.19867,70.80133,17.64607,5.4
13,2025-03-03,72,1.21933,70.78067,12.05395,5.4
14,2025-03-03,120,0.70807,119.29193,35.10122,9.0
15,2025-03-03,72,0.24669,71.75331,14.93074,5.4
16,2025-03-03,192,7.02372,184.97628,15.80263,14.4
17,2025-03-03,192,1.47319,190.52681,71.97738,14.4
18,2025-03-03,96,0.58205,95.41795,32.72799,7.2
19,2025-03-03,120,0.88893,119.11107,22.31758,9.0
20,2025-03-03,168,0.91103,167.08897,6.53271,12.6
21,2025-03-03,96,0.00972,95.99028,2.92242,7.2
22,2025-03-03,96,0.0002,95.9998,4.66384,7.2
23,2025-03-03,120,0.88442,119.11558,8.31151,9.0
24,2025-03-03,96,0.12601,95.87399,8.78983,7.2
1,2025-03-04,72,1.69641,70.30359,3.96367,5.4
2,2025-03-04,144,1.4378,142.5622,39.3009,10.8
3,2025-03-04,192,1.07259,190.92741,12.47189,14.4
4,2025-03-04,120,0.41667,119.58333,20.42001,9.0
5,2025-03-04,168,1.48886,166.51114,11.41674,12.6
6,2025-03-04,144,1.83307,142.16693,9.52965,10.8
7,2025-03-04,96,2.59962,93.40038,20.0151,7.2
8,2025-03-04,168,0.04579,167.95421,9.53064,12.6
9,2025-03-04,144,2.65166,141.34834,10.24457,10.8
10,2025-03-04,120,1.18196,118.81804,16.37658,9.0
11,2025-03-04,120,0.11201,119.88799,10.58904,9.0
12,2025-03-04,72,0.11793,71.88207,13.64186,5.4
13,2025-03-04,72,2.16641,69.83359,15.54191,5.4
14,2025-03-04,120,0.59334,119.40666,33.78248,9.0
15,2025-03-04,72,0.07146,71.92854,28.74445,5.4
16,2025-03-04,192,2.58856,189.41144,19.19793,14.4
17,2025-03-04,192,3.25584,188.74416,51.77865,14.4
18,2025-03-04,96,1.04123,94.95877,40.45175,7.2
19,2025-03-04,120,1.58377,118.41623,16.20802,9.0
20,2025-03-04,168,0.62314,167.37686,6.00572,12.6
21,2025-03-04,96,0.05451,95.94549,2.97144,7.2
22,2025-03-04,96,2.11507,93.88493,3.17799,7.2
23,2025-03-04,120,0.16887,119.83113,6.26127,9.0
24,2025-03-04,96,0.02067,95.97933,8.3839,7.2
1,2025-03-05,72,0.38336,71.61664,4.93376,5.4
2,2025-03-05,144,0.70979,143.29021,28.80666,10.8
3,2025-03-05,192,0.01338,191.98662,12.5173,14.4
4,2025-03-05,120,0.20829,119.79171,26.56753,9.0
5,2025-03-05,168,0.18095,167.81905,6.50643,12.6
6,2025-03-05,144,0.95439,143.04561,10.3842,10.8
7,2025-03-05,96,0.27412,95.72588,17.91097,7.2
8,2025-03-05,168,0.32741,167.67259,5.50199,12.6
9,2025-03-05,144,0.40122,143.59878,11.01837,10.8
10,2025-03-05,120,0.09562,119.90438,15.92337,9.0
11,2025-03-05,120,2.07792,117.92208,6.22567,9.0
12,2025-03-05,72,0.40673,71.59327,13.79017,5.4
13,2025-03-05,72,1.50891,70.49109,5.7229,5.4
14,2025-03-05,120,0.331,119.669,40.27601,9.0
15,2025-03-05,72,1.06902,70.93098,28.81878,5.4
16,2025-03-05,192,6.01514,185.98486,20.28146,14.4
17,2025-03-05,192,0.17815,191.82185,64.16859,14.4
18,2025-03-05,96,4.69285,91.30715,35.26879,7.2
19,2025-03-05,120,0.49591,119.50409,12.16181,9.0
20,2025-03-05,168,2.60934,165.39066,2.49198,12.6
21,2025-03-05,96,0.529,95.471,2.01854,7.2
22,2025-03-05,96,0.34746,95.65254,4.76411,7.2
23,2025-03-05,120,0.09515,119.90485,4.34457,9.0
24,2025-03-05,96,0.58309,95.41691,9.22327,7.2
1,2025-03-06,72,2.13287,69.86713,1.59109,5.4
2,2025-03-06,144,1.11305,142.88695,45.09772,10.8
3,2025-03-06,192,1.83598,190.16402,10.8678,14.4
4,2025-03-06,120,0.65688,119.34312,25.96968,9.0
5,2025-03-06,168,0.00678,167.99322,10.8629,12.6
6,2025-03-06,144,0.28874,143.71126,11.62864,10.8
7,2025-03-06,96,0.78711,95.21289,3.00816,7.2
8,2025-03-06,168,2.11301,165.88699,6.86485,12.6
9,2025-03-06,144,0.78194,143.21806,10.60887,10.8
10,2025-03-06,120,0.13488,119.86512,16.51108,9.0
11,2025-03-06,120,0.02364,119.97636,6.02308,9.0
12,2025-03-06,72,0.2992,71.7008,5.00128,5.4
13,2025-03-06,72,3.68577,68.31423,8.57389,5.4
14,2025-03-06,120,3.34912,116.65088,37.99135,9.0
15,2025-03-06,72,1.85074,70.14926,24.21491,5.4
16,2025-03-06,192,11.06542,180.93458,13.85422,14.4
17,2025-03-06,192,0.38644,191.61356,65.79247,14.4
18,2025-03-06,96,0.28393,95.71607,43.78901,7.2
19,2025-03-06,120,2.18844,117.81156,12.5154,9.0
20,2025-03-06,168,0.09761,167.90239,3.20514,12.6
21,2025-03-06,96,1.04614,94.95386,3.37395,7.2
22,2025-03-06,96,0.62487,95.37513,6.60079,7.2
23,2025-03-06,120,1.57115,118.42885,6.27609,9.0
24,2025-03-06,96,0.24934,95.75066,21.55227,7.2
1,2025-03-07,72,2.24553,69.75447,4.3484,5.4
2,2025-03-07,144,0.67302,143.32698,49.26473,10.8
3,2025-03-07,192,3.12848,188.87152,16.02891,14.4
4,2025-03-07,120,1.09164,118.90836,27.07095,9.0
5,2025-03-07,168,0.09277,167.90723,13.0018,12.6
6,2025-03-07,144,2.22516,141.77484,6.71831,10.8
7,2025-03-07,96,1.7318,94.2682,20.52224,7.2
8,2025-03-07,168,0.20912,167.79088,8.2009,12.6
9,2025-03-07,144,0.81218,143.18782,9.22767,10.8
10,2025-03-07,120,2.74237,117.25763,26.79224,9.0
11,2025-03-07,120,0.02609,119.97391,7.21728,9.0
12,2025-03-07,72,5.51158,66.48842,16.70909,5.4
13,2025-03-07,72,0.36742,71.63258,10.8153,5.4
14,2025-03-07,120,0.05694,119.94306,47.40711,9.0
15,2025-03-07,72,0.53737,71.46263,32.79792,5.4
16,2025-03-07,192,2.29716,189.70284,17.03906,14.4
17,2025-03-07,192,8.58425,183.41575,49.03902,14.4
18,2025-03-07,96,2.23606,93.76394,15.74407,7.2
19,2025-03-07,120,0.88653,119.11347,4.87959,9.0
20,2025-03-07,168,3.22585,164.77415,6.07062,12.6
21,2025-03-07,96,0.00253,95.99747,3.01428,7.2
22,2025-03-07,96,0.03131,95.96869,2.56347,7.2
23,2025-03-07,120,3.7382,116.2618,3.66325,9.0
24,2025-03-07,96,1.00679,94.99321,8.90817,7.2
1,2025-03-08,72,0.27485,71.72515,6.732,5.4
2,2025-03-08,144,1.53779,142.46221,48.85366,10.8
3,2025-03-08,192,0.12588,191.87412,10.1333,14.4
4,2025-03-08,120,0.06868,119.93132,29.97581,9.0
5,2025-03-08,168,0.15273,167.84727,8.46143,12.6
6,2025-03-08,144,0.49639,143.50361,12.84199,10.8
7,2025-03-08,96,1.59273,94.40727,6.48738,7.2
8,2025-03-08,168,0.56061,167.43939,9.08529,12.6
9,2025-03-08,144,0.0379,143.9621,9.35439,10.8
10,2025-03-08,120,0.03282,119.96718,23.66809,9.0
11,2025-03-08,120,0.62125,119.37875,11.26912,9.0
12,2025-03-08,72,3.17825,68.82175,12.09665,5.4
13,2025-03-08,72,1.96557,70.03443,13.00922,5.4
14,2025-03-08,120,0.01036,119.98964,44.75401,9.0
15,2025-03-08,72,0.39828,71.60172,26.23119,5.4
16,2025-03-08,192,0.66265,191.33735,17.00444,14.4
17,2025-03-08,192,0.09219,191.90781,61.01736,14.4
18,2025-03-08,96,0.17502,95.82498,34.44662,7.2
19,2025-03-08,120,2.58854,117.41146,15.79203,9.0
20,2025-03-08,168,4.7931,163.2069,6.87801,12.6
21,2025-03-08,96,2.61985,93.38015,2.72054,7.2
22,2025-03-08,96,5.97162,90.02838,4.23833,7.2
23,2025-03-08,120,0.00681,119.99319,6.41952,9.0
24,2025-03-08,96,0.56113,95.43887,15.22758,7.2
1,2025-03-09,72,5.71353,66.28647,5.9162,5.4
2,2025-03-09,144,0.15096,143.84904,47.92991,10.8
3,2025-03-09,192,0.09059,191.90941,16.0943,14.4
4,2025-03-09,120,0.20387,119.79613,43.17417,9.0
5,2025-03-09,168,3.08226,164.91774,12.36654,12.6
6,2025-03-09,144,1.19419,142.80581,14.5982,10.8
7,2025-03-09,96,1.30604,94.69396,13.80749,7.2
8,2025-03-09,168,0.37051,167.62949,3.97166,12.6
9,2025-03-09,144,0.5026,143.4974,6.89556,10.8
10,2025-03-09,120,0.00838,119.99162,10.7926,9.0
11,2025-03-09,120,1.14958,118.85042,4.72327,9.0
12,2025-03-09,72,0.00335,71.99665,2.76038,5.4
13,2025-03-09,72,0.64035,71.35965,7.23014,5.4
14,2025-03-09,120,0.10664,119.89336,27.2072,9.0
15,2025-03-09,72,0.03492,71.96508,24.61116,5.4
16,2025-03-09,192,5.3718,186.6282,18.9831,14.4
17,2025-03-09,192,0.30075,191.69925,68.77201,14.4
18,2025-03-09,96,1.39293,94.60707,27.37049,7.2
19,2025-03-09,120,0.23955,119.76045,19.9862,9.0
20,2025-03-09,168,2.02627,165.97373,3.62371,12.6
21,2025-03-09,96,0.82944,95.17056,1.96537,7.2
22,2025-03-09,96,0.00027,95.99973,7.31331,7.2
23,2025-03-09,120,1.409,118.591,5.30213,9.0
24,2025-03-09,96,3.83109,92.16891,13.4027,7.2
1,2025-03-10,72,1.70903,70.29097,5.74969,5.4
2,2025-03-10,144,4.23489,139.76511,40.01736,10.8
3,2025-03-10,192,4.34305,187.65695,16.17029,14.4
4,2025-03-10,120,5.43354,114.56646,17.30227,9.0
5,2025-03-10,168,0.7472,167.2528,9.79092,12.6
6,2025-03-10,144,0.11631,143.88369,8.39392,10.8
7,2025-03-10,96,0.08798,95.91202,10.38814,7.2
8,2025-03-10,168,0.1517,167.8483,8.93141,12.6
9,2025-03-10,144,0.18306,143.81694,7.29002,10.8
10,2025-03-10,120,0.14852,119.85148,18.59374,9.0
11,2025-03-10,120,1.33355,118.66645,7.47532,9.0
12,2025-03-10,72,0.42607,71.57393,18.42274,5.4
13,2025-03-10,72,0.51304,71.48696,7.67194,5.4
14,2025-03-10,120,6.65635,113.34365,24.97517,9.0
15,2025-03-10,72,0.08303,71.91697,16.94479,5.4
16,2025-03-10,192,0.59402,191.40598,11.20099,14.4
17,2025-03-10,192,5e-05,191.99995,58.05012,14.4
18,2025-03-10,96,0.01903,95.98097,35.93532,7.2
19,2025-03-10,120,7.45031,112.54969,9.7149,9.0
20,2025-03-10,168,1.05525,166.94475,4.42194,12.6
21,2025-03-10,96,1.77922,94.22078,3.77282,7.2
22,2025-03-10,96,0.6662,95.3338,4.87117,7.2
23,2025-03-10,120,1.45677,118.54323,5.03367,9.0
24,2025-03-10,96,0.78263,95.21737,15.46737,7.2
1,2025-03-11,72,0.45837,71.54163,6.95127,5.4
2,2025-03-11,144,0.0184,143.9816,39.14172,10.8
3,2025-03-11,192,0.15651,191.84349,11.02573,14.4
4,2025-03-11,120,0.44388,119.55612,14.07965,9.0
5,2025-03-11,168,2.15463,165.84537,9.17016,12.6
6,2025-03-11,144,0.30822,143.69178,9.89993,10.8
7,2025-03-11,96,0.47252,95.52748,30.53189,7.2
8,2025-03-11,168,0.75327,167.24673,8.08858,12.6
9,2025-03-11,144,0.29215,143.70785,17.11646,10.8
10,2025-03-11,120,0.11208,119.88792,34.60084,9.0
11,2025-03-11,120,1.23303,118.76697,4.64365,9.0
12,2025-03-11,72,0.71,71.29,15.71722,5.4
13,2025-03-11,72,0.70731,71.29269,10.6579,5.4
14,2025-03-11,120,0.15511,119.84489,31.13857,9.0
15,2025-03-11,72,6.26613,65.73387,38.94921,5.4
16,2025-03-11,192,6.28987,185.71013,14.21915,14.4
17,2025-03-11,192,0.37324,191.62676,63.2457,14.4
18,2025-03-11,96,2.31195,93.68805,34.75967,7.2
19,2025-03-11,120,0.00842,119.99158,17.89127,9.0
20,2025-03-11,168,0.26323,167.73677,6.56143,12.6
21,2025-03-11,96,3.14715,92.85285,2.65661,7.2
22,2025-03-11,96,1.29309,94.70691,5.05608,7.2
23,2025-03-11,120,1.95884,118.04116,4.27083,9.0
24,2025-03-11,96,0.66196,95.33804,11.98505,7.2
1,2025-03-12,72,0.15337,71.84663,7.06387,5.4
2,2025-03-12,144,0.27038,143.72962,52.8583,10.8
3,2025-03-12,192,3.42162,188.57838,13.89378,14.4
4,2025-03-12,120,0.36162,119.63838,32.04653,9.0
5,2025-03-12,168,0.05422,167.94578,11.82459,12.6
6,2025-03-12,144,3.93599,140.06401,11.72074,10.8
7,2025-03-12,96,0.77363,95.22637,17.4691,7.2
8,2025-03-12,168,0.11899,167.88101,6.51168,12.6
9,2025-03-12,144,0.05085,143.94915,9.08333,10.8
10,2025-03-12,120,0.6391,119.3609,23.6426,9.0
11,2025-03-12,120,0.72697,119.27303,7.54127,9.0
12,2025-03-12,72,3.79804,68.20196,15.79108,5.4
13,2025-03-12,72,2.00726,69.99274,12.83773,5.4
14,2025-03-12,120,0.00067,119.99933,25.78678,9.0
15,2025-03-12,72,0.58283,71.41717,28.91683,5.4
16,2025-03-12,192,3.71624,188.28376,16.64419,14.4
17,2025-03-12,192,0.46267,191.53733,67.32081,14.4
18,2025-03-12,96,9.55489,86.44511,35.82536,7.2
19,2025-03-12,120,0.83805,119.16195,15.8477,9.0
20,2025-03-12,168,0.06118,167.93882,6.73106,12.6
21,2025-03-12,96,1.83205,94.16795,3.14871,7.2
22,2025-03-12,96,1.36935,94.63065,2.431,7.2
23,2025-03-12,120,6.84269,113.15731,10.82252,9.0
24,2025-03-12,96,0.76105,95.23895,13.62895,7.2
1,2025-03-13,72,0.10387,71.89613,3.59133,5.4
2,2025-03-13,144,1.19932,142.80068,38.11991,10.8
3,2025-03-13,192,0.00846,191.99154,13.59386,14.4
4,2025-03-13,120,0.28189,119.71811,16.0825,9.0
5,2025-03-13,168,2.29596,165.70404,11.28253,12.6
6,2025-03-13,144,1.15191,142.84809,12.54237,10.8
7,2025-03-13,96,0.38874,95.61126,32.04304,7.2
8,2025-03-13,168,0.27961,167.72039,6.21859,12.6
9,2025-03-13,144,1.51787,142.48213,4.22021,10.8
10,2025-03-13,120,0.38871,119.61129,23.33669,9.0
11,2025-03-13,120,0.02657,119.97343,6.60073,9.0
12,2025-03-13,72,2.1074,69.8926,9.10183,5.4
13,2025-03-13,72,5.29338,66.70662,10.1334,5.4
14,2025-03-13,120,0.75925,119.24075,55.13346,9.0
15,2025-03-13,72,0.57729,71.42271,19.63738,5.4
16,2025-03-13,192,4.40528,187.59472,17.08573,14.4
17,2025-03-13,192,4.61826,187.38174,37.34251,14.4
18,2025-03-13,96,0.32213,95.67787,19.11472,7.2
19,2025-03-13,120,0.61968,119.38032,10.53017,9.0
20,2025-03-13,168,0.08448,167.91552,6.83331,12.6
21,2025-03-13,96,1.44788,94.55212,3.73876,7.2
22,2025-03-13,96,0.07427,95.92573,4.41151,7.2
23,2025-03-13,120,0.00455,119.99545,10.34574,9.0
24,2025-03-13,96,0.46429,95.53571,7.7476,7.2
1,2025-03-14,72,1.70973,70.29027,7.0136,5.4
2,2025-03-14,144,0.09421,143.90579,34.98679,10.8
3,2025-03-14,192,2.7387,189.2613,15.65627,14.4
4,2025-03-14,120,0.32147,119.67853,22.27867,9.0
5,2025-03-14,168,0.08424,167.91576,7.85574,12.6
6,2025-03-14,144,1.15136,142.84864,7.97299,10.8
7,2025-03-14,96,3.61709,92.38291,20.91538,7.2
8,2025-03-14,168,0.68733,167.31267,6.7121,12.6
9,2025-03-14,144,1.10662,142.89338,9.93835,10.8
10,2025-03-14,120,0.35037,119.64963,9.19045,9.0
11,2025-03-14,120,0.26317,119.73683,6.26202,9.0
12,2025-03-14,72,4.36194,67.63806,19.25965,5.4
13,2025-03-14,72,3.00381,68.99619,13.51304,5.4
14,2025-03-14,120,0.6975,119.3025,34.27008,9.0
15,2025-03-14,72,8.27241,63.72759,15.9506,5.4
16,2025-03-14,192,0.41443,191.58557,16.72788,14.4
17,2025-03-14,192,3.7943,188.2057,70.96201,14.4
18,2025-03-14,96,1.06455,94.93545,29.85728,7.2
19,2025-03-14,120,7.32331,112.67669,25.34238,9.0
20,2025-03-14,168,0.08682,167.91318,3.93861,12.6
21,2025-03-14,96,0.20486,95.79514,4.78814,7.2
22,2025-03-14,96,0.33332,95.66668,5.5841,7.2
23,2025-03-14,120,2.01209,117.98791,3.25585,9.0
24,2025-03-14,96,0.0015,95.9985,9.80681,7.2
1,2025-03-15,72,1.80592,70.19408,4.9204,5.4
2,2025-03-15,144,1.28453,142.71547,45.18335,10.8
3,2025-03-15,192,2.07591,189.92409,13.62478,14.4
4,2025-03-15,120,0.19854,119.80146,32.13153,9.0
5,2025-03-15,168,0.64039,167.35961,9.60147,12.6
6,2025-03-15,144,5.76048,138.23952,7.79944,10.8
7,2025-03-15,96,1.22867,94.77133,16.08363,7.2
8,2025-03-15,168,1.7918,166.2082,5.99406,12.6
9,2025-03-15,144,0.21666,143.78334,12.83794,10.8
10,2025-03-15,120,1.14072,118.85928,17.88162,9.0
11,2025-03-15,120,0.78702,119.21298,10.65425,9.0
12,2025-03-15,72,0.50132,71.49868,10.8173,5.4
13,2025-03-15,72,6.25447,65.74553,7.3972,5.4
14,2025-03-15,120,1.02488,118.97512,43.80125,9.0
15,2025-03-15,72,3.80577,68.19423,22.33003,5.4
16,2025-03-15,192,0.0844,191.9156,16.16513,14.4
17,2025-03-15,192,0.37851,191.62149,52.53888,14.4
18,2025-03-15,96,1.91761,94.08239,20.6088,7.2
19,2025-03-15,120,2.05885,117.94115,11.95459,9.0
20,2025-03-15,168,0.39963,167.60037,6.48273,12.6
21,2025-03-15,96,0.50333,95.49667,1.68666,7.2
22,2025-03-15,96,0.10789,95.89211,6.03916,7.2
23,2025-03-15,120,0.01858,119.98142,7.90993,9.0
24,2025-03-15,96,2.7322,93.2678,6.34268,7.2
1,2025-03-16,72,4.91993,67.08007,4.66211,5.4
2,2025-03-16,144,0.12747,143.87253,24.17203,10.8
3,2025-03-16,192,0.73221,191.26779,13.70742,14.4
4,2025-03-16,120,0.29765,119.70235,50.09396,9.0
5,2025-03-16,168,1.0872,166.9128,8.35356,12.6
6,2025-03-16,144,0.10238,143.89762,12.66672,10.8
7,2025-03-16,96,3.80724,92.19276,21.90372,7.2
8,2025-03-16,168,0.02825,167.97175,3.31956,12.6
9,2025-03-16,144,4.25416,139.74584,10.56722,10.8
10,2025-03-16,120,0.38507,119.61493,18.89034,9.0
11,2025-03-16,120,2.0325,117.9675,8.40311,9.0
12,2025-03-16,72,0.49498,71.50502,6.4732,5.4
13,2025-03-16,72,12.78563,59.21437,5.79883,5.4
14,2025-03-16,120,0.54362,119.45638,53.13773,9.0
15,2025-03-16,72,2.17,69.83,16.47509,5.4
16,2025-03-16,192,4.52528,187.47472,12.86504,14.4
17,2025-03-16,192,0.17727,191.82273,59.54765,14.4
18,2025-03-16,96,0.30983,95.69017,40.8631,7.2
19,2025-03-16,120,1.89412,118.10588,22.73092,9.0
20,2025-03-16,168,0.01155,167.98845,2.8425,12.6
21,2025-03-16,96,3.44184,92.55816,2.83207,7.2
22,2025-03-16,96,0.4703,95.5297,4.80903,7.2
23,2025-03-16,120,0.39756,119.60244,4.22942,9.0
24,2025-03-16,96,0.32837,95.67163,6.71792,7.2
1,2025-03-17,72,9.18838,62.81162,3.6465,5.4
2,2025-03-17,144,0.66609,143.33391,34.11498,10.8
3,2025-03-17,192,0.02372,191.97628,14.59125,14.4
4,2025-03-17,120,0.52414,119.47586,25.26063,9.0
5,2025-03-17,168,2.80067,165.19933,16.02282,12.6
6,2025-03-17,144,0.97169,143.02831,5.8278,10.8
7,2025-03-17,96,2.76599,93.23401,9.92513,7.2
8,2025-03-17,168,0.01474,167.98526,8.14332,12.6
9,2025-03-17,144,0.00159,143.99841,5.27714,10.8
10,2025-03-17,120,0.59504,119.40496,11.9307,9.0
11,2025-03-17,120,2.75323,117.24677,9.49889,9.0
12,2025-03-17,72,0.28922,71.71078,12.24553,5.4
13,2025-03-17,72,7.64914,64.35086,15.77987,5.4
14,2025-03-17,120,2.7256,117.2744,38.45137,9.0
15,2025-03-17,72,1.07164,70.92836,45.10614,5.4
16,2025-03-17,192,0.20076,191.79924,16.07355,14.4
17,2025-03-17,192,0.38707,191.61293,39.87836,14.4
18,2025-03-17,96,0.45572,95.54428,25.88016,7.2
19,2025-03-17,120,0.2391,119.7609,18.6446,9.0
20,2025-03-17,168,1.62875,166.37125,6.5379,12.6
21,2025-03-17,96,0.18044,95.81956,3.87735,7.2
22,2025-03-17,96,0.56629,95.43371,5.02768,7.2
23,2025-03-17,120,0.20044,119.79956,6.97498,9.0
24,2025-03-17,96,1.03426,94.96574,10.57381,7.2
1,2025-03-18,72,0.00474,71.99526,3.15621,5.4
2,2025-03-18,144,3.40405,140.59595,44.36733,10.8
3,2025-03-18,192,0.89231,191.10769,16.81671,14.4
4,2025-03-18,120,0.73456,119.26544,24.23463,9.0
5,2025-03-18,168,0.00506,167.99494,10.3986,12.6
6,2025-03-18,144,0.76932,143.23068,9.48352,10.8
7,2025-03-18,96,1.56063,94.43937,22.72694,7.2
8,2025-03-18,168,0.43068,167.56932,6.91716,12.6
9,2025-03-18,144,0.08354,143.91646,7.04114,10.8
10,2025-03-18,120,0.78969,119.21031,11.46614,9.0
11,2025-03-18,120,2.63487,117.36513,6.15335,9.0
12,2025-03-18,72,1.24992,70.75008,8.27119,5.4
13,2025-03-18,72,1.04302,70.95698,12.03933,5.4
14,2025-03-18,120,5.83244,114.16756,28.82371,9.0
15,2025-03-18,72,0.37908,71.62092,16.07634,5.4
16,2025-03-18,192,3.51862,188.48138,13.63956,14.4
17,2025-03-18,192,3.11799,188.88201,47.59316,14.4
18,2025-03-18,96,1.27711,94.72289,34.13993,7.2
19,2025-03-18,120,1.06164,118.93836,13.85988,9.0
20,2025-03-18,168,0.42557,167.57443,5.21587,12.6
21,2025-03-18,96,0.00286,95.99714,1.15025,7.2
22,2025-03-18,96,0.96134,95.03866,4.89976,7.2
23,2025-03-18,120,1.17978,118.82022,7.03118,9.0
24,2025-03-18,96,1.12011,94.87989,10.18805,7.2
1,2025-03-19,72,2.19817,69.80183,4.92504,5.4
2,2025-03-19,144,0.74223,143.25777,36.96666,10.8
3,2025-03-19,192,0.28941,191.71059,9.18036,14.4
4,2025-03-19,120,0.03287,119.96713,37.19441,9.0
5,2025-03-19,168,0.02022,167.97978,14.32388,12.6
6,2025-03-19,144,0.79401,143.20599,9.67929,10.8
7,2025-03-19,96,0.11855,95.88145,20.99451,7.2
8,2025-03-19,168,0.14146,167.85854,5.58902,12.6
9,2025-03-19,144,0.42012,143.57988,9.32146,10.8
10,2025-03-19,120,3.10784,116.89216,11.63085,9.0
11,2025-03-19,120,3.99113,116.00887,8.57975,9.0
12,2025-03-19,72,9.074,62.926,16.63564,5.4
13,2025-03-19,72,0.24782,71.75218,5.92667,5.4
14,2025-03-19,120,0.1115,119.8885,38.45017,9.0
15,2025-03-19,72,0.05932,71.94068,33.2337,5.4
16,2025-03-19,192,0.00166,191.99834,16.67027,14.4
17,2025-03-19,192,8.15614,183.84386,78.62683,14.4
18,2025-03-19,96,8.60021,87.39979,30.90419,7.2
19,2025-03-19,120,0.45295,119.54705,15.67111,9.0
20,2025-03-19,168,0.05694,167.94306,5.90103,12.6
21,2025-03-19,96,0.15654,95.84346,3.5196,7.2
22,2025-03-19,96,2.58984,93.41016,1.80768,7.2
23,2025-03-19,120,4.7371,115.2629,5.69325,9.0
24,2025-03-19,96,0.05824,95.94176,11.47622,7.2
1,2025-03-20,72,0.1255,71.8745,8.31334,5.4
2,2025-03-20,144,0.24085,143.75915,43.92585,10.8
3,2025-03-20,192,0.00481,191.99519,14.00156,14.4
4,2025-03-20,120,0.59809,119.40191,32.73282,9.0
5,2025-03-20,168,0.00544,167.99456,6.17566,12.6
6,2025-03-20,144,0.05534,143.94466,9.51346,10.8
7,2025-03-20,96,1.63241,94.36759,19.24366,7.2
8,2025-03-20,168,0.70582,167.29418,7.26218,12.6
9,2025-03-20,144,0.92153,143.07847,13.9611,10.8
10,2025-03-20,120,0.01557,119.98443,28.42016,9.0
11,2025-03-20,120,2.22118,117.77882,10.12096,9.0
12,2025-03-20,72,0.0968,71.9032,16.40102,5.4
13,2025-03-20,72,4.29519,67.70481,11.5839,5.4
14,2025-03-20,120,0.02521,119.97479,57.03057,9.0
15,2025-03-20,72,0.70445,71.29555,8.60912,5.4
16,2025-03-20,192,4.36698,187.63302,19.64155,14.4
17,2025-03-20,192,0.31457,191.68543,59.62209,14.4
18,2025-03-20,96,0.5099,95.4901,25.26465,7.2
19,2025-03-20,120,3.32906,116.67094,17.30788,9.0
20,2025-03-20,168,0.0867,167.9133,4.14159,12.6
21,2025-03-20,96,0.23176,95.76824,4.06973,7.2
22,2025-03-20,96,1.6289,94.3711,7.54896,7.2
23,2025-03-20,120,0.77204,119.22796,10.44667,9.0
24,2025-03-20,96,5.9023,90.0977,6.53296,7.2
1,2025-03-21,72,0.1939,71.8061,8.05002,5.4
2,2025-03-21,144,2.79749,141.20251,32.0559,10.8
3,2025-03-21,192,0.03363,191.96637,17.5226,14.4
4,2025-03-21,120,1.80389,118.19611,22.0672,9.0
5,2025-03-21,168,1.69125,166.30875,11.55921,12.6
6,2025-03-21,144,0.24457,143.75543,5.68826,10.8
7,2025-03-21,96,0.00579,95.99421,14.19136,7.2
8,2025-03-21,168,0.06358,167.93642,8.00123,12.6
9,2025-03-21,144,1.5646,142.4354,7.30831,10.8
10,2025-03-21,120,0.02229,119.97771,25.57605,9.0
11,2025-03-21,120,2.54887,117.45113,4.78956,9.0
12,2025-03-21,72,0.14368,71.85632,9.13931,5.4
13,2025-03-21,72,3.05197,68.94803,10.87243,5.4
14,2025-03-21,120,2.46185,117.53815,48.09654,9.0
15,2025-03-21,72,2.80141,69.19859,30.04945,5.4
16,2025-03-21,192,0.21038,191.78962,15.57302,14.4
17,2025-03-21,192,0.74396,191.25604,52.26739,14.4
18,2025-03-21,96,0.08671,95.91329,34.59425,7.2
19,2025-03-21,120,1.14184,118.85816,19.25473,9.0
20,2025-03-21,168,3.66792,164.33208,4.07893,12.6
21,2025-03-21,96,0.27802,95.72198,1.6526,7.2
22,2025-03-21,96,2.14517,93.85483,2.65993,7.2
23,2025-03-21,120,2.5076,117.4924,5.07782,9.0
24,2025-03-21,96,5.63512,90.36488,11.96937,7.2
1,2025-03-22,72,0.10294,71.89706,4.4723,5.4
2,2025-03-22,144,4.44209,139.55791,36.55129,10.8
3,2025-03-22,192,0.90538,191.09462,13.11052,14.4
4,2025-03-22,120,1.06383,118.93617,23.28876,9.0
5,2025-03-22,168,0.44789,167.55211,9.16703,12.6
6,2025-03-22,144,0.0075,143.9925,7.71152,10.8
7,2025-03-22,96,1.33267,94.66733,21.80929,7.2
8,2025-03-22,168,0.09881,167.90119,7.26044,12.6
9,2025-03-22,144,17.20309,126.79691,10.84551,10.8
10,2025-03-22,120,11.90296,108.09704,15.86581,9.0
11,2025-03-22,120,0.18222,119.81778,8.70707,9.0
12,2025-03-22,72,1.68565,70.31435,19.35355,5.4
13,2025-03-22,72,2.72165,69.27835,10.20763,5.4
14,2025-03-22,120,2.07439,117.92561,29.74204,9.0
15,2025-03-22,72,3.14868,68.85132,10.96778,5.4
16,2025-03-22,192,0.76365,191.23635,24.9002,14.4
17,2025-03-22,192,7.06791,184.93209,56.70495,14.4
18,2025-03-22,96,0.82338,95.17662,22.06138,7.2
19,2025-03-22,120,0.344,119.656,9.23862,9.0
20,2025-03-22,168,0.37523,167.62477,6.59174,12.6
21,2025-03-22,96,7.73651,88.26349,4.69301,7.2
22,2025-03-22,96,3.76734,92.23266,5.42171,7.2
23,2025-03-22,120,0.29657,119.70343,5.33448,9.0
24,2025-03-22,96,1.50436,94.49564,10.49679,7.2
1,2025-03-23,72,1.00029,70.99971,8.49581,5.4
2,2025-03-23,144,0.00233,143.99767,30.43628,10.8
3,2025-03-23,192,0.77425,191.22575,13.19937,14.4
4,2025-03-23,120,2.6039,117.3961,24.78567,9.0
5,2025-03-23,168,3.8559,164.1441,7.78229,12.6
6,2025-03-23,144,7.72107,136.27893,9.4081,10.8
7,2025-03-23,96,0.71508,95.28492,17.92524,7.2
8,2025-03-23,168,0.03396,167.96604,5.87717,12.6
9,2025-03-23,144,0.65848,143.34152,12.79412,10.8
10,2025-03-23,120,0.03295,119.96705,9.80435,9.0
11,2025-03-23,120,0.47663,119.52337,12.76166,9.0
12,2025-03-23,72,1.36491,70.63509,6.26278,5.4
13,2025-03-23,72,4.24535,67.75465,9.68178,5.4
14,2025-03-23,120,0.68494,119.31506,42.17047,9.0
15,2025-03-23,72,1.40558,70.59442,25.66541,5.4
16,2025-03-23,192,0.28813,191.71187,17.77529,14.4
17,2025-03-23,192,1.28201,190.71799,52.23994,14.4
18,2025-03-23,96,1.75814,94.24186,37.58972,7.2
19,2025-03-23,120,0.23302,119.76698,16.59534,9.0
20,2025-03-23,168,0.51888,167.48112,4.39087,12.6
21,2025-03-23,96,1.20965,94.79035,5.10196,7.2
22,2025-03-23,96,0.6865,95.3135,4.48597,7.2
23,2025-03-23,120,0.87092,119.12908,6.87262,9.0
24,2025-03-23,96,2.84288,93.15712,12.16612,7.2
1,2025-03-24,72,0.16652,71.83348,3.81982,5.4
2,2025-03-24,144,1.81555,142.18445,27.53698,10.8
3,2025-03-24,192,0.0016,191.9984,12.6699,14.4
4,2025-03-24,120,0.29318,119.70682,46.09178,9.0
5,2025-03-24,168,0.30701,167.69299,7.86219,12.6
6,2025-03-24,144,0.42693,143.57307,9.12541,10.8
7,2025-03-24,96,0.22031,95.77969,22.67492,7.2
8,2025-03-24,168,1.12187,166.87813,7.5325,12.6
9,2025-03-24,144,0.05687,143.94313,5.30097,10.8
10,2025-03-24,120,0.38396,119.61604,17.5973,9.0
11,2025-03-24,120,3.25087,116.74913,7.02006,9.0
12,2025-03-24,72,0.2801,71.7199,8.23139,5.4
13,2025-03-24,72,5.1157,66.8843,10.66681,5.4
14,2025-03-24,120,0.13323,119.86677,30.67864,9.0
15,2025-03-24,72,10.85797,61.14203,26.63387,5.4
16,2025-03-24,192,0.87192,191.12808,15.78378,14.4
17,2025-03-24,192,0.68345,191.31655,70.71322,14.4
18,2025-03-24,96,2.95264,93.04736,39.76903,7.2
19,2025-03-24,120,2.33454,117.66546,13.82639,9.0
20,2025-03-24,168,0.67437,167.32563,5.96636,12.6
21,2025-03-24,96,0.61336,95.38664,3.49195,7.2
22,2025-03-24,96,0.31313,95.68687,4.77979,7.2
23,2025-03-24,120,0.15792,119.84208,10.84451,9.0
24,2025-03-24,96,0.39653,95.60347,3.544,7.2
1,2025-03-25,72,0.31412,71.68588,2.62361,5.4
2,2025-03-25,144,0.20145,143.79855,40.6677,10.8
3,2025-03-25,192,0.21224,191.78776,14.55521,14.4
4,2025-03-25,120,0.21005,119.78995,31.45943,9.0
5,2025-03-25,168,0.59249,167.40751,14.55127,12.6
6,2025-03-25,144,0.29764,143.70236,9.08202,10.8
7,2025-03-25,96,0.0063,95.9937,26.8924,7.2
8,2025-03-25,168,0.69937,167.30063,9.41481,12.6
9,2025-03-25,144,1.27139,142.72861,7.60989,10.8
10,2025-03-25,120,0.51907,119.48093,20.51049,9.0
11,2025-03-25,120,0.17041,119.82959,10.85098,9.0
12,2025-03-25,72,0.81596,71.18404,11.97382,5.4
13,2025-03-25,72,1.57245,70.42755,10.4118,5.4
14,2025-03-25,120,3.28897,116.71103,30.05305,9.0
15,2025-03-25,72,5.24966,66.75034,21.53832,5.4
16,2025-03-25,192,0.63342,191.36658,19.12826,14.4
17,2025-03-25,192,1.47346,190.52654,48.96054,14.4
18,2025-03-25,96,3.5917,92.4083,44.06363,7.2
19,2025-03-25,120,0.154,119.846,17.45512,9.0
20,2025-03-25,168,0.20296,167.79704,8.22944,12.6
21,2025-03-25,96,1.71884,94.28116,5.92856,7.2
22,2025-03-25,96,0.35216,95.64784,6.97018,7.2
23,2025-03-25,120,0.27309,119.72691,6.9793,9.0
24,2025-03-25,96,3.73844,92.26156,13.44024,7.2
1,2025-03-26,72,1.45698,70.54302,6.00107,5.4
2,2025-03-26,144,0.02462,143.97538,44.61921,10.8
3,2025-03-26,192,0.00027,191.99973,15.06958,14.4
4,2025-03-26,120,3.15329,116.84671,33.37009,9.0
5,2025-03-26,168,1.05267,166.94733,15.64361,12.6
6,2025-03-26,144,1.05294,142.94706,11.59653,10.8
7,2025-03-26,96,4.33575,91.66425,12.69764,7.2
8,2025-03-26,168,0.20524,167.79476,7.05694,12.6
9,2025-03-26,144,0.13478,143.86522,8.28454,10.8
10,2025-03-26,120,0.06614,119.93386,26.73215,9.0
11,2025-03-26,120,1.29244,118.70756,7.80824,9.0
12,2025-03-26,72,0.04603,71.95397,14.84608,5.4
13,2025-03-26,72,1.42333,70.57667,7.95245,5.4
14,2025-03-26,120,3.59395,116.40605,41.11625,9.0
15,2025-03-26,72,3.89038,68.10962,14.14668,5.4
16,2025-03-26,192,0.20863,191.79137,14.78854,14.4
17,2025-03-26,192,3.86832,188.13168,52.28682,14.4
18,2025-03-26,96,0.57479,95.42521,28.03323,7.2
19,2025-03-26,120,4.6948,115.3052,25.83539,9.0
20,2025-03-26,168,0.75444,167.24556,4.30717,12.6
21,2025-03-26,96,0.0344,95.9656,1.45752,7.2
22,2025-03-26,96,0.94938,95.05062,3.39161,7.2
23,2025-03-26,120,0.82448,119.17552,8.58545,9.0
24,2025-03-26,96,1.65346,94.34654,16.5964,7.2
1,2025-03-27,72,9.14416,62.85584,3.68549,5.4
2,2025-03-27,144,0.51572,143.48428,33.88973,10.8
3,2025-03-27,192,1.62287,190.37713,12.56477,14.4
4,2025-03-27,120,0.41206,119.58794,38.8013,9.0
5,2025-03-27,168,0.40615,167.59385,11.37348,12.6
6,2025-03-27,144,0.23268,143.76732,11.05596,10.8
7,2025-03-27,96,0.36968,95.63032,22.54983,7.2
8,2025-03-27,168,0.01878,167.98122,5.81309,12.6
9,2025-03-27,144,0.57125,143.42875,10.74672,10.8
10,2025-03-27,120,2.40317,117.59683,28.57504,9.0
11,2025-03-27,120,0.24191,119.75809,8.71991,9.0
12,2025-03-27,72,0.95817,71.04183,9.92035,5.4
13,2025-03-27,72,5.22125,66.77875,5.12669,5.4
14,2025-03-27,120,2.60988,117.39012,36.72453,9.0
15,2025-03-27,72,1.92692,70.07308,22.98261,5.4
16,2025-03-27,192,3.58325,188.41675,19.66287,14.4
17,2025-03-27,192,2.03233,189.96767,65.20494,14.4
18,2025-03-27,96,5.01672,90.98328,31.84802,7.2
19,2025-03-27,120,1.73117,118.26883,13.70802,9.0
20,2025-03-27,168,0.26614,167.73386,6.74276,12.6
21,2025-03-27,96,0.42163,95.57837,1.5156,7.2
22,2025-03-27,96,0.02367,95.97633,5.66606,7.2
23,2025-03-27,120,2.18771,117.81229,2.07764,9.0
24,2025-03-27,96,0.64262,95.35738,10.52728,7.2
1,2025-03-28,72,2.35181,69.64819,6.23801,5.4
2,2025-03-28,144,1.87468,142.12532,34.26874,10.8
3,2025-03-28,192,0.27302,191.72698,12.74218,14.4
4,2025-03-28,120,0.14207,119.85793,34.30798,9.0
5,2025-03-28,168,1.23981,166.76019,8.85599,12.6
6,2025-03-28,144,1.22179,142.77821,11.83772,10.8
7,2025-03-28,96,1.21936,94.78064,19.17317,7.2
8,2025-03-28,168,2.03585,165.96415,6.62056,12.6
9,2025-03-28,144,0.5075,143.4925,13.16789,10.8
10,2025-03-28,120,0.20501,119.79499,16.88651,9.0
11,2025-03-28,120,0.79545,119.20455,10.96865,9.0
12,2025-03-28,72,0.10114,71.89886,7.03687,5.4
13,2025-03-28,72,6.05051,65.94949,12.52787,5.4
14,2025-03-28,120,0.01042,119.98958,37.67075,9.0
15,2025-03-28,72,0.02084,71.97916,10.96822,5.4
16,2025-03-28,192,1.11374,190.88626,15.55112,14.4
17,2025-03-28,192,2.79067,189.20933,53.03288,14.4
18,2025-03-28,96,1.42957,94.57043,22.68285,7.2
19,2025-03-28,120,1.27809,118.72191,17.05291,9.0
20,2025-03-28,168,0.56094,167.43906,5.20039,12.6
21,2025-03-28,96,3.3914,92.6086,4.96715,7.2
22,2025-03-28,96,0.65574,95.34426,5.12695,7.2
23,2025-03-28,120,0.19383,119.80617,4.33695,9.0
24,2025-03-28,96,0.30858,95.69142,5.45882,7.2
1,2025-03-29,72,0.46647,71.53353,6.47212,5.4
2,2025-03-29,144,3.68487,140.31513,29.37653,10.8
3,2025-03-29,192,4.51448,187.48552,12.04453,14.4
4,2025-03-29,120,0.72205,119.27795,43.33474,9.0
5,2025-03-29,168,2.54716,165.45284,9.96096,12.6
6,2025-03-29,144,0.5968,143.4032,11.24575,10.8
7,2025-03-29,96,1.0379,94.9621,13.67011,7.2
8,2025-03-29,168,0.03713,167.96287,5.75691,12.6
9,2025-03-29,144,2.15229,141.84771,9.34637,10.8
10,2025-03-29,120,0.85862,119.14138,19.95156,9.0
11,2025-03-29,120,0.2398,119.7602,11.83695,9.0
12,2025-03-29,72,0.007,71.993,8.58098,5.4
13,2025-03-29,72,0.18148,71.81852,5.53077,5.4
14,2025-03-29,120,1.53395,118.46605,35.81771,9.0
15,2025-03-29,72,0.85669,71.14331,23.61814,5.4
16,2025-03-29,192,0.26323,191.73677,10.93596,14.4
17,2025-03-29,192,0.7554,191.2446,50.58232,14.4
18,2025-03-29,96,1.50292,94.49708,32.10013,7.2
19,2025-03-29,120,0.8004,119.1996,19.64708,9.0
20,2025-03-29,168,0.22283,167.77717,4.08911,12.6
21,2025-03-29,96,0.1333,95.8667,6.46986,7.2
22,2025-03-29,96,0.38349,95.61651,1.53804,7.2
23,2025-03-29,120,1.27484,118.72516,3.52357,9.0
24,2025-03-29,96,2.75962,93.24038,20.646,7.2
1,2025-03-30,72,0.62003,71.37997,4.31028,5.4
2,2025-03-30,144,4.80771,139.19229,42.53518,10.8
3,2025-03-30,192,0.1921,191.8079,10.49006,14.4
4,2025-03-30,120,0.54022,119.45978,31.02398,9.0
5,2025-03-30,168,0.70252,167.29748,11.29432,12.6
6,2025-03-30,144,0.28192,143.71808,7.25701,10.8
7,2025-03-30,96,0.58072,95.41928,8.33895,7.2
8,2025-03-30,168,0.85642,167.14358,7.60418,12.6
9,2025-03-30,144,6.02279,137.97721,12.60792,10.8
10,2025-03-30,120,0.63346,119.36654,26.53108,9.0
11,2025-03-30,120,0.04022,119.95978,9.34279,9.0
12,2025-03-30,72,0.10303,71.89697,14.88826,5.4
13,2025-03-30,72,0.89263,71.10737,10.39088,5.4
14,2025-03-30,120,0.02314,119.97686,38.91383,9.0
15,2025-03-30,72,3.66019,68.33981,17.4393,5.4
16,2025-03-30,192,1.48937,190.51063,15.19427,14.4
17,2025-03-30,192,0.09826,191.90174,65.42896,14.4
18,2025-03-30,96,0.11012,95.88988,22.95313,7.2
19,2025-03-30,120,1.51138,118.48862,11.09124,9.0
20,2025-03-30,168,0.08391,167.91609,4.53947,12.6
21,2025-03-30,96,0.03898,95.96102,2.45208,7.2
22,2025-03-30,96,0.37872,95.62128,4.54587,7.2
23,2025-03-30,120,2.92441,117.07559,3.60121,9.0
24,2025-03-30,96,0.01082,95.98918,10.79346,7.2
1,2025-03-31,72,7.89773,64.10227,2.78429,5.4
2,2025-03-31,144,0.77357,143.22643,36.07954,10.8
3,2025-03-31,192,0.15564,191.84436,14.39141,14.4
4,2025-03-31,120,2.13532,117.86468,15.25247,9.0
5,2025-03-31,168,0.00489,167.99511,13.81063,12.6
6,2025-03-31,144,5.2957,138.7043,10.14794,10.8
7,2025-03-31,96,2.38697,93.61303,15.38403,7.2
8,2025-03-31,168,5.12025,162.87975,6.2217,12.6
9,2025-03-31,144,4.42871,139.57129,11.33552,10.8
10,2025-03-31,120,4.96175,115.03825,9.23432,9.0
11,2025-03-31,120,0.72678,119.27322,11.03452,9.0
12,2025-03-31,72,0.01146,71.98854,7.7892,5.4
13,2025-03-31,72,1.00686,70.99314,7.69621,5.4
14,2025-03-31,120,7.28414,112.71586,47.10235,9.0
15,2025-03-31,72,4.04944,67.95056,22.13621,5.4
16,2025-03-31,192,4.21256,187.78744,15.76898,14.4
17,2025-03-31,192,0.22595,191.77405,73.85364,14.4
18,2025-03-31,96,0.55988,95.44012,31.21655,7.2
19,2025-03-31,120,5.18978,114.81022,21.23489,9.0
20,2025-03-31,168,0.41647,167.58353,5.67089,12.6
21,2025-03-31,96,0.81653,95.18347,2.04154,7.2
22,2025-03-31,96,1.21421,94.78579,4.44253,7.2
23,2025-03-31,120,0.22389,119.77611,8.13773,9.0
24,2025-03-31,96,3.75243,92.24757,9.10216,7.2
1,2025-04-01,72,2.33399,69.66601,2.15476,5.4
2,2025-04-01,144,2.24824,141.75176,43.17553,10.8
3,2025-04-01,192,3.78929,188.21071,13.45516,14.4
4,2025-04-01,120,0.42007,119.57993,20.44139,9.0
5,2025-04-01,168,0.99101,167.00899,12.41222,12.6
6,2025-04-01,144,2.79325,141.20675,6.36217,10.8
7,2025-04-01,96,0.12945,95.87055,15.56864,7.2
8,2025-04-01,168,4.50711,163.49289,7.06699,12.6
9,2025-04-01,144,0.45489,143.54511,6.41109,10.8
10,2025-04-01,120,0.22943,119.77057,22.42417,9.0
11,2025-04-01,120,6.27146,113.72854,9.57869,9.0
12,2025-04-01,72,4.85889,67.14111,21.98245,5.4
13,2025-04-01,72,6.02268,65.97732,6.91004,5.4
14,2025-04-01,120,15.86955,104.13045,32.21791,9.0
15,2025-04-01,72,3.13118,68.86882,15.05829,5.4
16,2025-04-01,192,3.76608,188.23392,10.06865,14.4
17,2025-04-01,192,0.5581,191.4419,50.44353,14.4
18,2025-04-01,96,1.59413,94.40587,29.5148,7.2
19,2025-04-01,120,0.57781,119.42219,12.74038,9.0
20,2025-04-01,168,0.26973,167.73027,5.60512,12.6
21,2025-04-01,96,0.29877,95.70123,4.33445,7.2
22,2025-04-01,96,1.21641,94.78359,6.26486,7.2
23,2025-04-01,120,0.20614,119.79386,5.10722,9.0
24,2025-04-01,96,0.01303,95.98697,6.56769,7.2
1,2025-04-02,72,0.57331,71.42669,4.17207,5.4
2,2025-04-02,144,1.81331,142.18669,34.77776,10.8
3,2025-04-02,192,3.63515,188.36485,9.29405,14.4
4,2025-04-02,120,0.02114,119.97886,34.1062,9.0
5,2025-04-02,168,2.79994,165.20006,10.23769,12.6
6,2025-04-02,144,0.01427,143.98573,11.45506,10.8
7,2025-04-02,96,2.93575,93.06425,15.01704,7.2
8,2025-04-02,168,0.0238,167.9762,5.53087,12.6
9,2025-04-02,144,2.50268,141.49732,5.53436,10.8
10,2025-04-02,120,1.15007,118.84993,9.42924,9.0
11,2025-04-02,120,0.02608,119.97392,7.98269,9.0
12,2025-04-02,72,0.99493,71.00507,8.17459,5.4
13,2025-04-02,72,0.74537,71.25463,8.26309,5.4
14,2025-04-02,120,1.47395,118.52605,43.05104,9.0
15,2025-04-02,72,0.83017,71.16983,9.59154,5.4
16,2025-04-02,192,1.60164,190.39836,18.1159,14.4
17,2025-04-02,192,9.88363,182.11637,73.33774,14.4
18,2025-04-02,96,0.94025,95.05975,35.72694,7.2
19,2025-04-02,120,1.5734,118.4266,10.5666,9.0
20,2025-04-02,168,0.00776,167.99224,4.86943,12.6
21,2025-04-02,96,0.48441,95.51559,2.17144,7.2
22,2025-04-02,96,0.00521,95.99479,5.81152,7.2
23,2025-04-02,120,0.00393,119.99607,5.81596,9.0
24,2025-04-02,96,0.37178,95.62822,6.48274,7.2
1,2025-04-03,72,0.20809,71.79191,3.96464,5.4
2,2025-04-03,144,0.54004,143.45996,35.58002,10.8
3,2025-04-03,192,0.72748,191.27252,9.63709,14.4
4,2025-04-03,120,2.99869,117.00131,34.48744,9.0
5,2025-04-03,168,0.60839,167.39161,11.25168,12.6
6,2025-04-03,144,0.21915,143.78085,11.50051,10.8
7,2025-04-03,96,0.39827,95.60173,12.77597,7.2
8,2025-04-03,168,1.84786,166.15214,7.78587,12.6
9,2025-04-03,144,0.2044,143.7956,11.21572,10.8
10,2025-04-03,120,0.37171,119.62829,30.29687,9.0
11,2025-04-03,120,1.40773,118.59227,6.85066,9.0
12,2025-04-03,72,2.84015,69.15985,7.07224,5.4
13,2025-04-03,72,0.51538,71.48462,12.81336,5.4
14,2025-04-03,120,3.45003,116.54997,27.28957,9.0
15,2025-04-03,72,12.70459,59.29541,12.28893,5.4
16,2025-04-03,192,2.17834,189.82166,12.7893,14.4
17,2025-04-03,192,3.24263,188.75737,63.41024,14.4
18,2025-04-03,96,0.99745,95.00255,33.29583,7.2
19,2025-04-03,120,0.06925,119.93075,14.87799,9.0
20,2025-04-03,168,0.01553,167.98447,3.35474,12.6
21,2025-04-03,96,1.16827,94.83173,3.17537,7.2
22,2025-04-03,96,0.48404,95.51596,5.54335,7.2
23,2025-04-03,120,0.79872,119.20128,11.56832,9.0
24,2025-04-03,96,0.02208,95.97792,11.07051,7.2
1,2025-04-04,72,4.90228,67.09772,5.13394,5.4
2,2025-04-04,144,0.24201,143.75799,43.3803,10.8
3,2025-04-04,192,0.0739,191.9261,12.68674,14.4
4,2025-04-04,120,1.2984,118.7016,29.881,9.0
5,2025-04-04,168,9.61372,158.38628,12.99624,12.6
6,2025-04-04,144,0.0403,143.9597,12.50083,10.8
7,2025-04-04,96,5.01734,90.98266,19.90418,7.2
8,2025-04-04,168,0.68356,167.31644,9.63531,12.6
9,2025-04-04,144,1.36895,142.63105,12.91105,10.8
10,2025-04-04,120,0.88069,119.11931,13.6472,9.0
11,2025-04-04,120,0.06861,119.93139,3.06439,9.0
12,2025-04-04,72,2.40521,69.59479,8.03282,5.4
13,2025-04-04,72,8.15134,63.84866,8.58754,5.4
14,2025-04-04,120,0.16005,119.83995,44.3033,9.0
15,2025-04-04,72,0.81019,71.18981,13.33055,5.4
16,2025-04-04,192,1.30797,190.69203,17.84928,14.4
17,2025-04-04,192,0.33916,191.66084,76.54449,14.4
18,2025-04-04,96,0.91929,95.08071,36.41729,7.2
19,2025-04-04,120,1.31347,118.68653,8.09959,9.0
20,2025-04-04,168,1.22263,166.77737,3.50079,12.6
21,2025-04-04,96,0.12298,95.87702,3.90201,7.2
22,2025-04-04,96,0.5119,95.4881,4.56997,7.2
23,2025-04-04,120,1.33903,118.66097,3.41394,9.0
24,2025-04-04,96,1.10628,94.89372,10.61636,7.2
1,2025-04-05,72,0.15386,71.84614,4.29569,5.4
2,2025-04-05,144,0.00507,143.99493,44.61215,10.8
3,2025-04-05,192,0.3465,191.6535,11.52975,14.4
4,2025-04-05,120,3.91072,116.08928,20.35176,9.0
5,2025-04-05,168,1.29145,166.70855,10.13004,12.6
6,2025-04-05,144,0.47279,143.52721,6.3609,10.8
7,2025-04-05,96,3.73161,92.26839,8.66561,7.2
8,2025-04-05,168,0.64852,167.35148,4.89901,12.6
9,2025-04-05,144,0.33641,143.66359,6.12476,10.8
10,2025-04-05,120,0.15555,119.84445,16.70599,9.0
11,2025-04-05,120,4.41317,115.58683,5.73832,9.0
12,2025-04-05,72,0.87941,71.12059,13.21362,5.4
13,2025-04-05,72,1.45253,70.54747,13.60009,5.4
14,2025-04-05,120,0.65237,119.34763,38.09371,9.0
15,2025-04-05,72,3.10118,68.89882,27.32498,5.4
16,2025-04-05,192,6.87959,185.12041,19.08284,14.4
17,2025-04-05,192,4.31525,187.68475,59.31191,14.4
18,2025-04-05,96,1.46355,94.53645,33.82537,7.2
19,2025-04-05,120,0.76197,119.23803,11.68953,9.0
20,2025-04-05,168,1.50528,166.49472,6.39068,12.6
21,2025-04-05,96,2.33669,93.66331,0.86533,7.2
22,2025-04-05,96,0.12057,95.87943,3.86258,7.2
23,2025-04-05,120,0.5688,119.4312,5.25364,9.0
24,2025-04-05,96,0.35313,95.64687,6.42269,7.2
1,2025-04-06,72,1.38085,70.61915,4.81043,5.4
2,2025-04-06,144,3.05395,140.94605,46.10582,10.8
3,2025-04-06,192,2.95729,189.04271,12.65975,14.4
4,2025-04-06,120,1.71291,118.28709,41.76533,9.0
5,2025-04-06,168,1.59015,166.40985,10.24868,12.6
6,2025-04-06,144,0.00541,143.99459,11.60247,10.8
7,2025-04-06,96,0.1719,95.8281,12.34257,7.2
8,2025-04-06,168,0.65045,167.34955,6.36093,12.6
9,2025-04-06,144,0.12071,143.87929,7.33936,10.8
10,2025-04-06,120,0.09464,119.90536,19.47488,9.0
11,2025-04-06,120,0.04476,119.95524,10.79358,9.0
12,2025-04-06,72,0.05738,71.94262,7.01212,5.4
13,2025-04-06,72,5.50143,66.49857,6.20429,5.4
14,2025-04-06,120,1.09922,118.90078,31.13911,9.0
15,2025-04-06,72,7.48449,64.51551,18.68212,5.4
16,2025-04-06,192,6.15183,185.84817,16.36838,14.4
17,2025-04-06,192,0.1735,191.8265,63.18656,14.4
18,2025-04-06,96,0.96298,95.03702,40.89333,7.2
19,2025-04-06,120,0.00121,119.99879,14.05371,9.0
20,2025-04-06,168,1.77412,166.22588,3.2263,12.6
21,2025-04-06,96,1.13628,94.86372,1.72169,7.2
22,2025-04-06,96,0.23903,95.76097,2.18992,7.2
23,2025-04-06,120,0.47553,119.52447,7.32216,9.0
24,2025-04-06,96,4.93849,91.06151,28.12595,7.2
1,2025-04-07,72,0.00957,71.99043,5.10402,5.4
2,2025-04-07,144,0.00014,143.99986,44.54151,10.8
3,2025-04-07,192,1.68733,190.31267,11.80309,14.4
4,2025-04-07,120,0.2255,119.7745,27.18303,9.0
5,2025-04-07,168,1.71423,166.28577,11.5406,12.6
6,2025-04-07,144,3.14554,140.85446,9.85114,10.8
7,2025-04-07,96,1.7681,94.2319,8.09079,7.2
8,2025-04-07,168,0.91509,167.08491,5.17785,12.6
9,2025-04-07,144,0.04584,143.95416,12.31164,10.8
10,2025-04-07,120,1.63762,118.36238,15.83876,9.0
11,2025-04-07,120,1.85662,118.14338,7.2601,9.0
12,2025-04-07,72,0.32709,71.67291,11.02208,5.4
13,2025-04-07,72,0.67713,71.32287,10.00285,5.4
14,2025-04-07,120,1.97113,118.02887,28.81209,9.0
15,2025-04-07,72,1.43828,70.56172,18.21409,5.4
16,2025-04-07,192,0.06726,191.93274,19.30543,14.4
17,2025-04-07,192,0.14138,191.85862,59.41897,14.4
18,2025-04-07,96,1.71269,94.28731,32.31572,7.2
19,2025-04-07,120,0.47786,119.52214,5.95946,9.0
20,2025-04-07,168,1.34693,166.65307,5.7744,12.6
21,2025-04-07,96,0.71617,95.28383,3.27481,7.2
22,2025-04-07,96,0.74413,95.25587,1.64989,7.2
23,2025-04-07,120,1.31564,118.68436,3.64157,9.0
24,2025-04-07,96,0.04084,95.95916,10.59391,7.2
1,2025-04-08,72,0.41025,71.58975,4.79749,5.4
2,2025-04-08,144,4.58059,139.41941,17.33656,10.8
3,2025-04-08,192,0.28489,191.71511,16.69352,14.4
4,2025-04-08,120,0.62637,119.37363,24.90249,9.0
5,2025-04-08,168,0.01468,167.98532,7.14886,12.6
6,2025-04-08,144,0.22914,143.77086,11.82323,10.8
7,2025-04-08,96,3.8135,92.1865,15.64529,7.2
8,2025-04-08,168,2.34082,165.65918,8.35823,12.6
9,2025-04-08,144,1.53224,142.46776,11.98686,10.8
10,2025-04-08,120,0.62791,119.37209,28.09504,9.0
11,2025-04-08,120,0.06342,119.93658,7.11969,9.0
12,2025-04-08,72,0.37873,71.62127,2.7373,5.4
13,2025-04-08,72,7.95138,64.04862,13.31216,5.4
14,2025-04-08,120,0.04877,119.95123,32.37939,9.0
15,2025-04-08,72,0.88795,71.11205,19.66928,5.4
16,2025-04-08,192,7.06067,184.93933,16.47971,14.4
17,2025-04-08,192,0.95487,191.04513,60.98968,14.4
18,2025-04-08,96,3.98027,92.01973,33.26619,7.2
19,2025-04-08,120,0.46641,119.53359,11.03564,9.0
20,2025-04-08,168,1.6119,166.3881,4.12658,12.6
21,2025-04-08,96,0.17787,95.82213,2.88255,7.2
22,2025-04-08,96,2.04826,93.95174,3.19641,7.2
23,2025-04-08,120,0.07303,119.92697,6.96009,9.0
24,2025-04-08,96,4.01765,91.98235,13.4678,7.2
1,2025-04-09,72,0.07393,71.92607,3.75419,5.4
2,2025-04-09,144,2.13645,141.86355,36.59362,10.8
3,2025-04-09,192,0.45062,191.54938,10.95996,14.4
4,2025-04-09,120,0.382,119.618,31.64847,9.0
5,2025-04-09,168,0.47601,167.52399,13.03415,12.6
6,2025-04-09,144,0.00773,143.99227,8.69735,10.8
7,2025-04-09,96,0.15353,95.84647,11.38773,7.2
8,2025-04-09,168,1.76577,166.23423,7.58591,12.6
9,2025-04-09,144,0.65919,143.34081,6.09444,10.8
10,2025-04-09,120,2.95073,117.04927,21.33468,9.0
11,2025-04-09,120,0.44615,119.55385,6.65193,9.0
12,2025-04-09,72,0.21951,71.78049,18.61435,5.4
13,2025-04-09,72,0.74566,71.25434,13.26307,5.4
14,2025-04-09,120,0.08137,119.91863,28.34116,9.0
15,2025-04-09,72,0.04111,71.95889,33.96878,5.4
16,2025-04-09,192,1.82223,190.17777,16.33045,14.4
17,2025-04-09,192,0.00296,191.99704,64.12787,14.4
18,2025-04-09,96,5.92095,90.07905,30.97761,7.2
19,2025-04-09,120,0.85404,119.14596,15.85426,9.0
20,2025-04-09,168,0.09771,167.90229,4.93886,12.6
21,2025-04-09,96,3.30446,92.69554,4.23452,7.2
22,2025-04-09,96,1.13942,94.86058,1.43656,7.2
23,2025-04-09,120,0.93378,119.06622,8.65959,9.0
24,2025-04-09,96,0.64675,95.35325,10.71779,7.2
1,2025-04-10,72,0.58103,71.41897,3.57746,5.4
2,2025-04-10,144,0.00806,143.99194,41.53095,10.8
3,2025-04-10,192,0.93768,191.06232,10.1078,14.4
4,2025-04-10,120,3.351,116.649,23.82257,9.0
5,2025-04-10,168,0.00839,167.99161,9.03273,12.6
6,2025-04-10,144,0.86717,143.13283,7.2944,10.8
7,2025-04-10,96,0.42687,95.57313,9.93843,7.2
8,2025-04-10,168,0.07194,167.92806,2.9819,12.6
9,2025-04-10,144,4.31554,139.68446,9.29199,10.8
10,2025-04-10,120,0.15532,119.84468,27.27678,9.0
11,2025-04-10,120,0.94421,119.05579,4.05488,9.0
12,2025-04-10,72,5.1588,66.8412,17.36939,5.4
13,2025-04-10,72,5.31479,66.68521,7.34636,5.4
14,2025-04-10,120,0.38999,119.61001,45.70146,9.0
15,2025-04-10,72,3.24753,68.75247,25.70557,5.4
16,2025-04-10,192,4.64366,187.35634,16.66454,14.4
17,2025-04-10,192,3.69792,188.30208,59.16439,14.4
18,2025-04-10,96,0.80873,95.19127,36.11835,7.2
19,2025-04-10,120,0.36437,119.63563,21.89048,9.0
20,2025-04-10,168,0.02671,167.97329,5.09363,12.6
21,2025-04-10,96,0.25231,95.74769,3.31326,7.2
22,2025-04-10,96,2.23821,93.76179,6.18303,7.2
23,2025-04-10,120,6.52687,113.47313,3.86964,9.0
24,2025-04-10,96,2.99693,93.00307,14.37395,7.2
1,2025-04-11,72,1.0691,70.9309,5.05919,5.4
2,2025-04-11,144,1.81319,142.18681,30.93585,10.8
3,2025-04-11,192,2.37011,189.62989,13.79934,14.4
4,2025-04-11,120,0.26353,119.73647,22.081,9.0
5,2025-04-11,168,1.05244,166.94756,11.71071,12.6
6,2025-04-11,144,0.2244,143.7756,6.75357,10.8
7,2025-04-11,96,1.34973,94.65027,28.89737,7.2
8,2025-04-11,168,6.41217,161.58783,11.30088,12.6
9,2025-04-11,144,2.31475,141.68525,11.83667,10.8
10,2025-04-11,120,1.95536,118.04464,21.52959,9.0
11,2025-04-11,120,2.97183,117.02817,4.83242,9.0
12,2025-04-11,72,0.03849,71.96151,14.92014,5.4
13,2025-04-11,72,1.14292,70.85708,4.80656,5.4
14,2025-04-11,120,1.04306,118.95694,28.51127,9.0
15,2025-04-11,72,5.45118,66.54882,18.71739,5.4
16,2025-04-11,192,3.51535,188.48465,19.33777,14.4
17,2025-04-11,192,1.38134,190.61866,53.19837,14.4
18,2025-04-11,96,3.79994,92.20006,22.1713,7.2
19,2025-04-11,120,6.91856,113.08144,15.80106,9.0
20,2025-04-11,168,0.13503,167.86497,3.98941,12.6
21,2025-04-11,96,3.02332,92.97668,1.5917,7.2
22,2025-04-11,96,3.39095,92.60905,5.84995,7.2
23,2025-04-11,120,0.2645,119.7355,4.35125,9.0
24,2025-04-11,96,0.73961,95.26039,14.21575,7.2
1,2025-04-12,72,0.34217,71.65783,2.36009,5.4
2,2025-04-12,144,4.25686,139.74314,51.60248,10.8
3,2025-04-12,192,0.39669,191.60331,11.57523,14.4
4,2025-04-12,120,0.27872,119.72128,23.47817,9.0
5,2025-04-12,168,2.31026,165.68974,13.33585,12.6
6,2025-04-12,144,0.70741,143.29259,10.69554,10.8
7,2025-04-12,96,1.99743,94.00257,11.05084,7.2
8,2025-04-12,168,0.30397,167.69603,7.74083,12.6
9,2025-04-12,144,0.31061,143.68939,12.24068,10.8
10,2025-04-12,120,0.841,119.159,12.71068,9.0
11,2025-04-12,120,0.98663,119.01337,5.81391,9.0
12,2025-04-12,72,0.11565,71.88435,12.32622,5.4
13,2025-04-12,72,0.45862,71.54138,11.72133,5.4
14,2025-04-12,120,0.78347,119.21653,37.87275,9.0
15,2025-04-12,72,1.46562,70.53438,33.27674,5.4
16,2025-04-12,192,7.62355,184.37645,13.23161,14.4
17,2025-04-12,192,1.6257,190.3743,55.70572,14.4
18,2025-04-12,96,0.76093,95.23907,36.09477,7.2
19,2025-04-12,120,0.21301,119.78699,9.96305,9.0
20,2025-04-12,168,1.80134,166.19866,5.48785,12.6
21,2025-04-12,96,0.01019,95.98981,2.60303,7.2
22,2025-04-12,96,0.42749,95.57251,3.40942,7.2
23,2025-04-12,120,1.42495,118.57505,5.0504,9.0
24,2025-04-12,96,0.26963,95.73037,15.40919,7.2
1,2025-04-13,72,0.002,71.998,5.08349,5.4
2,2025-04-13,144,1.42648,142.57352,43.74728,10.8
3,2025-04-13,192,0.89307,191.10693,15.143,14.4
4,2025-04-13,120,1.58987,118.41013,43.01797,9.0
5,2025-04-13,168,2.17404,165.82596,9.1334,12.6
6,2025-04-13,144,0.24501,143.75499,8.23668,10.8
7,2025-04-13,96,0.31237,95.68763,12.75315,7.2
8,2025-04-13,168,0.00016,167.99984,8.17014,12.6
9,2025-04-13,144,2.08454,141.91546,9.75625,10.8
10,2025-04-13,120,0.34939,119.65061,14.04916,9.0
11,2025-04-13,120,1.56697,118.43303,7.82179,9.0
12,2025-04-13,72,0.06357,71.93643,9.75749,5.4
13,2025-04-13,72,12.05045,59.94955,9.24687,5.4
14,2025-04-13,120,12.47218,107.52782,40.18098,9.0
15,2025-04-13,72,2.80358,69.19642,18.82139,5.4
16,2025-04-13,192,2.48917,189.51083,12.90283,14.4
17,2025-04-13,192,3.00125,188.99875,63.99095,14.4
18,2025-04-13,96,3.25328,92.74672,24.54811,7.2
19,2025-04-13,120,0.52851,119.47149,23.41485,9.0
20,2025-04-13,168,1.47866,166.52134,4.95826,12.6
21,2025-04-13,96,0.65332,95.34668,4.3906,7.2
22,2025-04-13,96,1.53887,94.46113,6.22576,7.2
23,2025-04-13,120,2.79073,117.20927,6.22899,9.0
24,2025-04-13,96,0.0885,95.9115,7.38883,7.2
1,2025-04-14,72,0.205,71.795,2.19558,5.4
2,2025-04-14,144,0.01294,143.98706,45.61362,10.8
3,2025-04-14,192,1.81558,190.18442,15.32061,14.4
4,2025-04-14,120,0.69262,119.30738,16.75789,9.0
5,2025-04-14,168,0.51666,167.48334,11.13103,12.6
6,2025-04-14,144,0.59536,143.40464,9.3221,10.8
7,2025-04-14,96,0.31378,95.68622,18.87798,7.2
8,2025-04-14,168,0.10214,167.89786,6.24381,12.6
9,2025-04-14,144,0.93416,143.06584,9.73882,10.8
10,2025-04-14,120,1.12836,118.87164,26.00046,9.0
11,2025-04-14,120,3.41138,116.58862,4.09522,9.0
12,2025-04-14,72,5.75546,66.24454,7.41557,5.4
13,2025-04-14,72,4.38846,67.61154,13.37776,5.4
14,2025-04-14,120,0.56669,119.43331,55.07932,9.0
15,2025-04-14,72,0.00037,71.99963,19.30264,5.4
16,2025-04-14,192,0.06344,191.93656,14.02923,14.4
17,2025-04-14,192,0.65436,191.34564,54.31186,14.4
18,2025-04-14,96,1.0031,94.9969,26.33767,7.2
19,2025-04-14,120,3.66553,116.33447,13.42973,9.0
20,2025-04-14,168,1.09019,166.90981,4.34674,12.6
21,2025-04-14,96,1.27126,94.72874,4.19912,7.2
22,2025-04-14,96,0.05314,95.94686,6.60785,7.2
23,2025-04-14,120,0.05522,119.94478,8.699,9.0
24,2025-04-14,96,0.00091,95.99909,10.43237,7.2
1,2025-04-15,72,1.27919,70.72081,3.31057,5.4
2,2025-04-15,144,2.71313,141.28687,50.39146,10.8
3,2025-04-15,192,0.73255,191.26745,7.58648,14.4
4,2025-04-15,120,1.16349,118.83651,45.20747,9.0
5,2025-04-15,168,7.00493,160.99507,9.31906,12.6
6,2025-04-15,144,0.23505,143.76495,11.74824,10.8
7,2025-04-15,96,0.01265,95.98735,13.81692,7.2
8,2025-04-15,168,4.85333,163.14667,8.39872,12.6
9,2025-04-15,144,0.57079,143.42921,6.11694,10.8
10,2025-04-15,120,0.04557,119.95443,10.45672,9.0
11,2025-04-15,120,1.09571,118.90429,7.88694,9.0
12,2025-04-15,72,1.40966,70.59034,6.72257,5.4
13,2025-04-15,72,1.2085,70.7915,14.11725,5.4
14,2025-04-15,120,2.02357,117.97643,26.95446,9.0
15,2025-04-15,72,3.87746,68.12254,34.87876,5.4
16,2025-04-15,192,0.17094,191.82906,17.43839,14.4
17,2025-04-15,192,7.5062,184.4938,52.54885,14.4
18,2025-04-15,96,1.37695,94.62305,28.32831,7.2
19,2025-04-15,120,0.41098,119.58902,14.79712,9.0
20,2025-04-15,168,3.64974,164.35026,4.58369,12.6
21,2025-04-15,96,1.48525,94.51475,0.87222,7.2
22,2025-04-15,96,0.72855,95.27145,6.10253,7.2
23,2025-04-15,120,0.84431,119.15569,8.5743,9.0
24,2025-04-15,96,0.31651,95.68349,10.23219,7.2
1,2025-04-16,72,0.41472,71.58528,5.89155,5.4
2,2025-04-16,144,0.41396,143.58604,30.28211,10.8
3,2025-04-16,192,1.4509,190.5491,12.69235,14.4
4,2025-04-16,120,0.03142,119.96858,16.47973,9.0
5,2025-04-16,168,0.01774,167.98226,11.40054,12.6
6,2025-04-16,144,1.9687,142.0313,10.03849,10.8
7,2025-04-16,96,0.05664,95.94336,9.39007,7.2
8,2025-04-16,168,0.47894,167.52106,6.4954,12.6
9,2025-04-16,144,0.02096,143.97904,9.0713,10.8
10,2025-04-16,120,1.6194,118.3806,20.45252,9.0
11,2025-04-16,120,2.08366,117.91634,8.5324,9.0
12,2025-04-16,72,0.00299,71.99701,11.77705,5.4
13,2025-04-16,72,0.09934,71.90066,5.50971,5.4
14,2025-04-16,120,1.4754,118.5246,43.25266,9.0
15,2025-04-16,72,1.89278,70.10722,31.0692,5.4
16,2025-04-16,192,0.52791,191.47209,16.36753,14.4
17,2025-04-16,192,2.31477,189.68523,62.81193,14.4
18,2025-04-16,96,2.48109,93.51891,14.99341,7.2
19,2025-04-16,120,0.57316,119.42684,13.30091,9.0
20,2025-04-16,168,0.3066,167.6934,5.69496,12.6
21,2025-04-16,96,0.42679,95.57321,4.04497,7.2
22,2025-04-16,96,1.09506,94.90494,5.04314,7.2
23,2025-04-16,120,0.16503,119.83497,1.63668,9.0
24,2025-04-16,96,0.06807,95.93193,14.82377,7.2
1,2025-04-17,72,1.28732,70.71268,6.37432,5.4
2,2025-04-17,144,0.3256,143.6744,42.65555,10.8
3,2025-04-17,192,0.21636,191.78364,14.49961,14.4
4,2025-04-17,120,0.02237,119.97763,28.45632,9.0
5,2025-04-17,168,1.70458,166.29542,6.69023,12.6
6,2025-04-17,144,0.02537,143.97463,8.23435,10.8
7,2025-04-17,96,2.83616,93.16384,11.34079,7.2
8,2025-04-17,168,0.01772,167.98228,6.02506,12.6
9,2025-04-17,144,0.17648,143.82352,12.44489,10.8
10,2025-04-17,120,0.08227,119.91773,11.84497,9.0
11,2025-04-17,120,0.08298,119.91702,8.53739,9.0
12,2025-04-17,72,0.59266,71.40734,13.39453,5.4
13,2025-04-17,72,0.07197,71.92803,7.88738,5.4
14,2025-04-17,120,2.30152,117.69848,36.47098,9.0
15,2025-04-17,72,2.2369,69.7631,22.39788,5.4
16,2025-04-17,192,2.72305,189.27695,13.82898,14.4
17,2025-04-17,192,3.36415,188.63585,72.96478,14.4
18,2025-04-17,96,1.00757,94.99243,32.51343,7.2
19,2025-04-17,120,0.01961,119.98039,12.45176,9.0
20,2025-04-17,168,0.05378,167.94622,3.87212,12.6
21,2025-04-17,96,3.57041,92.42959,4.67654,7.2
22,2025-04-17,96,0.20966,95.79034,4.36963,7.2
23,2025-04-17,120,0.7334,119.2666,3.2489,9.0
24,2025-04-17,96,0.02125,95.97875,7.86188,7.2
1,2025-04-18,72,0.43211,71.56789,5.80672,5.4
2,2025-04-18,144,0.0176,143.9824,30.0936,10.8
3,2025-04-18,192,0.7369,191.2631,15.15209,14.4
4,2025-04-18,120,0.58344,119.41656,27.08333,9.0
5,2025-04-18,168,0.14866,167.85134,14.1445,12.6
6,2025-04-18,144,4.74633,139.25367,6.46449,10.8
7,2025-04-18,96,0.95655,95.04345,21.81159,7.2
8,2025-04-18,168,0.81229,167.18771,8.95356,12.6
9,2025-04-18,144,0.66591,143.33409,10.46469,10.8
10,2025-04-18,120,1.33444,118.66556,21.90068,9.0
11,2025-04-18,120,0.01123,119.98877,3.31589,9.0
12,2025-04-18,72,0.1322,71.8678,8.04228,5.4
13,2025-04-18,72,0.76241,71.23759,8.85751,5.4
14,2025-04-18,120,3.23854,116.76146,31.25657,9.0
15,2025-04-18,72,8.6056,63.3944,30.5839,5.4
16,2025-04-18,192,6.30457,185.69543,13.92688,14.4
17,2025-04-18,192,1.67954,190.32046,59.41983,14.4
18,2025-04-18,96,0.41581,95.58419,18.0444,7.2
19,2025-04-18,120,5.33764,114.66236,12.43331,9.0
20,2025-04-18,168,0.72432,167.27568,4.36613,12.6
21,2025-04-18,96,0.19768,95.80232,2.93631,7.2
22,2025-04-18,96,0.00408,95.99592,6.44758,7.2
23,2025-04-18,120,0.04173,119.95827,6.51715,9.0
24,2025-04-18,96,0.78413,95.21587,14.32553,7.2
1,2025-04-19,72,0.93628,71.06372,2.93116,5.4
2,2025-04-19,144,0.02133,143.97867,23.24633,10.8
3,2025-04-19,192,2.67908,189.32092,10.85651,14.4
4,2025-04-19,120,0.00623,119.99377,25.00472,9.0
5,2025-04-19,168,1.21443,166.78557,7.60091,12.6
6,2025-04-19,144,2.50813,141.49187,9.63428,10.8
7,2025-04-19,96,2.37502,93.62498,13.89259,7.2
8,2025-04-19,168,0.56644,167.43356,6.20107,12.6
9,2025-04-19,144,0.71891,143.28109,11.5957,10.8
10,2025-04-19,120,1.61805,118.38195,22.23358,9.0
11,2025-04-19,120,3.24325,116.75675,9.53583,9.0
12,2025-04-19,72,0.13421,71.86579,15.97527,5.4
13,2025-04-19,72,0.02136,71.97864,9.56511,5.4
14,2025-04-19,120,1.33116,118.66884,49.83554,9.0
15,2025-04-19,72,1.20069,70.79931,12.40795,5.4
16,2025-04-19,192,0.67229,191.32771,13.18901,14.4
17,2025-04-19,192,14.11362,177.88638,69.93152,14.4
18,2025-04-19,96,2.49789,93.50211,25.65391,7.2
19,2025-04-19,120,0.92531,119.07469,18.5726,9.0
20,2025-04-19,168,0.63972,167.36028,5.19992,12.6
21,2025-04-19,96,0.27231,95.72769,2.45133,7.2
22,2025-04-19,96,1.55373,94.44627,8.19327,7.2
23,2025-04-19,120,0.1433,119.8567,6.61567,9.0
24,2025-04-19,96,0.1455,95.8545,9.2922,7.2
1,2025-04-20,72,4.72579,67.27421,3.53387,5.4
2,2025-04-20,144,0.65385,143.34615,27.86326,10.8
3,2025-04-20,192,0.51947,191.48053,12.06239,14.4
4,2025-04-20,120,1.25025,118.74975,14.26131,9.0
5,2025-04-20,168,0.54342,167.45658,12.21624,12.6
6,2025-04-20,144,0.1948,143.8052,7.10428,10.8
7,2025-04-20,96,0.22547,95.77453,9.86236,7.2
8,2025-04-20,168,0.06927,167.93073,7.60139,12.6
9,2025-04-20,144,0.22193,143.77807,3.93065,10.8
10,2025-04-20,120,2.37562,117.62438,18.49215,9.0
11,2025-04-20,120,1.74712,118.25288,3.29461,9.0
12,2025-04-20,72,0.00989,71.99011,12.0677,5.4
13,2025-04-20,72,1.91635,70.08365,10.62344,5.4
14,2025-04-20,120,0.12914,119.87086,32.93473,9.0
15,2025-04-20,72,11.99378,60.00622,21.77461,5.4
16,2025-04-20,192,0.01741,191.98259,16.51116,14.4
17,2025-04-20,192,7.20975,184.79025,62.65807,14.4
18,2025-04-20,96,0.87597,95.12403,18.9342,7.2
19,2025-04-20,120,0.58725,119.41275,9.00462,9.0
20,2025-04-20,168,0.14561,167.85439,8.07828,12.6
21,2025-04-20,96,2.81893,93.18107,1.73261,7.2
22,2025-04-20,96,0.32275,95.67725,5.52115,7.2
23,2025-04-20,120,0.01482,119.98518,3.09579,9.0
24,2025-04-20,96,0.78514,95.21486,9.01012,7.2
1,2025-04-21,72,0.12228,71.87772,3.17502,5.4
2,2025-04-21,144,0.34371,143.65629,25.62538,10.8
3,2025-04-21,192,0.63634,191.36366,9.5217,14.4
4,2025-04-21,120,1.32942,118.67058,46.24543,9.0
5,2025-04-21,168,0.54828,167.45172,14.0187,12.6
6,2025-04-21,144,0.02846,143.97154,7.70327,10.8
7,2025-04-21,96,3.82247,92.17753,12.57934,7.2
8,2025-04-21,168,2.94378,165.05622,9.93403,12.6
9,2025-04-21,144,0.58363,143.41637,11.7805,10.8
10,2025-04-21,120,0.27269,119.72731,20.45959,9.0
11,2025-04-21,120,0.80165,119.19835,10.23919,9.0
12,2025-04-21,72,0.19135,71.80865,9.54564,5.4
13,2025-04-21,72,0.01206,71.98794,12.12839,5.4
14,2025-04-21,120,1.68028,118.31972,47.68364,9.0
15,2025-04-21,72,1.97752,70.02248,16.06501,5.4
16,2025-04-21,192,1.24388,190.75612,16.63105,14.4
17,2025-04-21,192,2.752,189.248,48.00965,14.4
18,2025-04-21,96,4.74794,91.25206,36.15224,7.2
19,2025-04-21,120,0.01991,119.98009,11.26301,9.0
20,2025-04-21,168,0.13566,167.86434,3.90164,12.6
21,2025-04-21,96,0.86419,95.13581,2.87242,7.2
22,2025-04-21,96,0.75342,95.24658,5.5744,7.2
23,2025-04-21,120,0.05543,119.94457,7.77793,9.0
24,2025-04-21,96,1.32123,94.67877,11.08743,7.2
1,2025-04-22,72,1.42013,70.57987,2.86601,5.4
2,2025-04-22,144,0.3673,143.6327,29.44655,10.8
3,2025-04-22,192,0.18057,191.81943,14.76651,14.4
4,2025-04-22,120,0.6313,119.3687,28.90455,9.0
5,2025-04-22,168,3.05163,164.94837,12.34409,12.6
6,2025-04-22,144,0.34554,143.65446,12.94137,10.8
7,2025-04-22,96,0.0571,95.9429,23.37241,7.2
8,2025-04-22,168,0.55835,167.44165,3.68528,12.6
9,2025-04-22,144,3.8397,140.1603,8.29703,10.8
10,2025-04-22,120,0.21597,119.78403,21.59354,9.0
11,2025-04-22,120,2.51106,117.48894,10.63464,9.0
12,2025-04-22,72,0.13858,71.86142,7.0424,5.4
13,2025-04-22,72,0.75684,71.24316,7.98877,5.4
14,2025-04-22,120,5.07764,114.92236,34.1501,9.0
15,2025-04-22,72,0.1985,71.8015,17.8013,5.4
16,2025-04-22,192,0.2863,191.7137,13.09643,14.4
17,2025-04-22,192,0.92856,191.07144,62.37767,14.4
18,2025-04-22,96,0.08785,95.91215,16.3323,7.2
19,2025-04-22,120,0.13843,119.86157,21.52374,9.0
20,2025-04-22,168,1.30833,166.69167,2.52583,12.6
21,2025-04-22,96,0.66553,95.33447,1.23115,7.2
22,2025-04-22,96,0.03293,95.96707,5.42351,7.2
23,2025-04-22,120,0.77734,119.22266,11.64605,9.0
24,2025-04-22,96,0.22821,95.77179,10.38636,7.2
1,2025-04-23,72,0.4205,71.5795,5.95689,5.4
2,2025-04-23,144,1.826,142.174,40.37714,10.8
3,2025-04-23,192,2.20217,189.79783,14.99753,14.4
4,2025-04-23,120,2.97224,117.02776,29.8353,9.0
5,2025-04-23,168,4.66892,163.33108,8.99247,12.6
6,2025-04-23,144,0.70274,143.29726,6.45446,10.8
7,2025-04-23,96,0.05536,95.94464,11.01775,7.2
8,2025-04-23,168,2.64623,165.35377,4.49361,12.6
9,2025-04-23,144,1.01881,142.98119,6.47979,10.8
10,2025-04-23,120,3.81015,116.18985,11.005,9.0
11,2025-04-23,120,0.5568,119.4432,7.37177,9.0
12,2025-04-23,72,0.05084,71.94916,7.151,5.4
13,2025-04-23,72,0.30406,71.69594,8.68283,5.4
14,2025-04-23,120,0.659,119.341,33.20669,9.0
15,2025-04-23,72,0.18745,71.81255,17.62075,5.4
16,2025-04-23,192,9.48747,182.51253,16.46779,14.4
17,2025-04-23,192,1.75479,190.24521,54.07872,14.4
18,2025-04-23,96,1.27467,94.72533,27.74986,7.2
19,2025-04-23,120,0.67569,119.32431,9.58324,9.0
20,2025-04-23,168,2.30652,165.69348,5.58492,12.6
21,2025-04-23,96,1.01963,94.98037,1.88928,7.2
22,2025-04-23,96,0.09534,95.90466,4.43131,7.2
23,2025-04-23,120,0.27502,119.72498,4.38231,9.0
24,2025-04-23,96,0.05989,95.94011,5.91299,7.2
1,2025-04-24,72,0.02938,71.97062,6.58104,5.4
2,2025-04-24,144,0.47465,143.52535,28.77637,10.8
3,2025-04-24,192,0.12764,191.87236,9.94109,14.4
4,2025-04-24,120,0.07973,119.92027,26.15697,9.0
5,2025-04-24,168,1.56362,166.43638,11.68077,12.6
6,2025-04-24,144,0.40159,143.59841,10.16619,10.8
7,2025-04-24,96,3.9606,92.0394,10.26433,7.2
8,2025-04-24,168,1.09195,166.90805,7.1952,12.6
9,2025-04-24,144,3.00114,140.99886,9.0361,10.8
10,2025-04-24,120,3.39093,116.60907,27.55343,9.0
11,2025-04-24,120,0.08347,119.91653,7.62767,9.0
12,2025-04-24,72,0.12124,71.87876,16.40454,5.4
13,2025-04-24,72,0.29858,71.70142,9.9156,5.4
14,2025-04-24,120,1.05005,118.94995,27.73839,9.0
15,2025-04-24,72,1.32898,70.67102,15.54839,5.4
16,2025-04-24,192,3.46136,188.53864,17.65732,14.4
17,2025-04-24,192,3.59367,188.40633,56.43606,14.4
18,2025-04-24,96,6.97877,89.02123,28.3433,7.2
19,2025-04-24,120,0.12869,119.87131,37.12807,9.0
20,2025-04-24,168,0.68927,167.31073,5.99779,12.6
21,2025-04-24,96,0.03836,95.96164,0.87976,7.2
22,2025-04-24,96,3.65014,92.34986,3.6099,7.2
23,2025-04-24,120,0.24251,119.75749,6.14492,9.0
24,2025-04-24,96,0.66638,95.33362,12.85273,7.2
1,2025-04-25,72,0.14914,71.85086,4.02857,5.4
2,2025-04-25,144,1.25336,142.74664,46.63417,10.8
3,2025-04-25,192,0.74708,191.25292,11.75137,14.4
4,2025-04-25,120,0.66844,119.33156,23.35479,9.0
5,2025-04-25,168,1.57338,166.42662,11.14243,12.6
6,2025-04-25,144,0.50566,143.49434,8.95925,10.8
7,2025-04-25,96,0.75581,95.24419,20.36454,7.2
8,2025-04-25,168,0.27503,167.72497,7.83063,12.6
9,2025-04-25,144,0.6109,143.3891,5.90193,10.8
10,2025-04-25,120,0.00667,119.99333,11.47791,9.0
11,2025-04-25,120,0.05631,119.94369,6.02794,9.0
12,2025-04-25,72,0.43437,71.56563,9.10075,5.4
13,2025-04-25,72,1.11505,70.88495,3.83134,5.4
14,2025-04-25,120,4.92978,115.07022,37.40767,9.0
15,2025-04-25,72,0.01653,71.98347,24.94059,5.4
16,2025-04-25,192,0.16593,191.83407,12.69197,14.4
17,2025-04-25,192,6.03987,185.96013,51.53113,14.4
18,2025-04-25,96,14.01387,81.98613,31.08648,7.2
19,2025-04-25,120,0.1807,119.8193,11.79481,9.0
20,2025-04-25,168,0.41057,167.58943,3.47222,12.6
21,2025-04-25,96,0.04764,95.95236,0.46953,7.2
22,2025-04-25,96,0.20587,95.79413,8.94045,7.2
23,2025-04-25,120,0.32045,119.67955,7.39057,9.0
24,2025-04-25,96,0.29579,95.70421,11.99846,7.2
1,2025-04-26,72,0.76192,71.23808,2.19867,5.4
2,2025-04-26,144,0.49112,143.50888,34.19372,10.8
3,2025-04-26,192,2.91768,189.08232,14.82358,14.4
4,2025-04-26,120,0.17671,119.82329,27.44591,9.0
5,2025-04-26,168,0.23758,167.76242,10.79225,12.6
6,2025-04-26,144,0.32052,143.67948,4.64947,10.8
7,2025-04-26,96,2.76281,93.23719,16.04248,7.2
8,2025-04-26,168,1.00604,166.99396,3.51337,12.6
9,2025-04-26,144,0.85366,143.14634,14.33299,10.8
10,2025-04-26,120,0.10436,119.89564,12.62439,9.0
11,2025-04-26,120,2.66878,117.33122,8.07053,9.0
12,2025-04-26,72,0.56782,71.43218,7.57074,5.4
13,2025-04-26,72,0.61198,71.38802,4.68408,5.4
14,2025-04-26,120,0.50927,119.49073,42.06577,9.0
15,2025-04-26,72,0.69169,71.30831,24.67535,5.4
16,2025-04-26,192,0.15141,191.84859,14.29046,14.4
17,2025-04-26,192,1.24707,190.75293,62.42998,14.4
18,2025-04-26,96,5.56706,90.43294,40.74172,7.2
19,2025-04-26,120,3.14722,116.85278,18.44635,9.0
20,2025-04-26,168,1.04367,166.95633,4.77108,12.6
21,2025-04-26,96,0.34316,95.65684,4.79016,7.2
22,2025-04-26,96,0.47564,95.52436,5.30527,7.2
23,2025-04-26,120,0.04575,119.95425,4.18179,9.0
24,2025-04-26,96,1.67026,94.32974,2.67901,7.2
1,2025-04-27,72,0.3858,71.6142,4.40389,5.4
2,2025-04-27,144,0.24054,143.75946,27.73168,10.8
3,2025-04-27,192,0.85693,191.14307,10.54054,14.4
4,2025-04-27,120,3.97231,116.02769,33.93859,9.0
5,2025-04-27,168,0.44916,167.55084,12.43506,12.6
6,2025-04-27,144,0.43683,143.56317,7.48503,10.8
7,2025-04-27,96,1.40409,94.59591,16.45085,7.2
8,2025-04-27,168,0.61975,167.38025,9.38723,12.6
9,2025-04-27,144,0.62231,143.37769,8.06612,10.8
10,2025-04-27,120,0.03448,119.96552,15.57304,9.0
11,2025-04-27,120,0.51667,119.48333,9.74535,9.0
12,2025-04-27,72,0.09226,71.90774,18.45495,5.4
13,2025-04-27,72,8.21243,63.78757,6.74008,5.4
14,2025-04-27,120,0.3723,119.6277,35.96257,9.0
15,2025-04-27,72,9.54966,62.45034,20.72496,5.4
16,2025-04-27,192,0.91358,191.08642,11.87421,14.4
17,2025-04-27,192,1.69216,190.30784,60.67957,14.4
18,2025-04-27,96,6.54864,89.45136,24.99333,7.2
19,2025-04-27,120,0.01641,119.98359,12.66639,9.0
20,2025-04-27,168,0.68545,167.31455,6.85307,12.6
21,2025-04-27,96,1.19293,94.80707,1.30054,7.2
22,2025-04-27,96,1.09634,94.90366,5.44676,7.2
23,2025-04-27,120,0.09393,119.90607,6.23069,9.0
24,2025-04-27,96,0.40753,95.59247,14.56609,7.2
1,2025-04-28,72,0.60904,71.39096,4.70531,5.4
2,2025-04-28,144,0.08014,143.91986,38.23755,10.8
3,2025-04-28,192,0.02869,191.97131,14.21436,14.4
4,2025-04-28,120,0.33963,119.66037,12.72211,9.0
5,2025-04-28,168,0.00217,167.99783,12.90778,12.6
6,2025-04-28,144,0.23746,143.76254,7.56594,10.8
7,2025-04-28,96,1.34378,94.65622,10.20456,7.2
8,2025-04-28,168,7.34093,160.65907,8.81485,12.6
9,2025-04-28,144,1.01353,142.98647,6.727,10.8
10,2025-04-28,120,0.03363,119.96637,16.43464,9.0
11,2025-04-28,120,0.04172,119.95828,7.08471,9.0
12,2025-04-28,72,3.28805,68.71195,7.01205,5.4
13,2025-04-28,72,0.71062,71.28938,9.41966,5.4
14,2025-04-28,120,2.22802,117.77198,36.62045,9.0
15,2025-04-28,72,0.67519,71.32481,17.5028,5.4
16,2025-04-28,192,11.01388,180.98612,13.46277,14.4
17,2025-04-28,192,3.49367,188.50633,53.26522,14.4
18,2025-04-28,96,4.32948,91.67052,19.57622,7.2
19,2025-04-28,120,0.14186,119.85814,8.5282,9.0
20,2025-04-28,168,0.35785,167.64215,5.07345,12.6
21,2025-04-28,96,0.1764,95.8236,1.38198,7.2
22,2025-04-28,96,0.38833,95.61167,2.35579,7.2
23,2025-04-28,120,1.34722,118.65278,5.66504,9.0
24,2025-04-28,96,0.52034,95.47966,8.97849,7.2
1,2025-04-29,72,2.06645,69.93355,4.22709,5.4
2,2025-04-29,144,0.00977,143.99023,40.20435,10.8
3,2025-04-29,192,0.57006,191.42994,14.30445,14.4
4,2025-04-29,120,4.1615,115.8385,28.00508,9.0
5,2025-04-29,168,0.63484,167.36516,11.27847,12.6
6,2025-04-29,144,0.32597,143.67403,12.36513,10.8
7,2025-04-29,96,0.3669,95.6331,14.30131,7.2
8,2025-04-29,168,0.81252,167.18748,6.77381,12.6
9,2025-04-29,144,5.83736,138.16264,16.63765,10.8
10,2025-04-29,120,3.81558,116.18442,15.16874,9.0
11,2025-04-29,120,0.87054,119.12946,11.45936,9.0
12,2025-04-29,72,0.13328,71.86672,7.47091,5.4
13,2025-04-29,72,0.75816,71.24184,5.30061,5.4
14,2025-04-29,120,0.12695,119.87305,40.53314,9.0
15,2025-04-29,72,2.27191,69.72809,25.48651,5.4
16,2025-04-29,192,0.88113,191.11887,13.00172,14.4
17,2025-04-29,192,0.06679,191.93321,59.15589,14.4
18,2025-04-29,96,2.58225,93.41775,18.09644,7.2
19,2025-04-29,120,0.34213,119.65787,12.69946,9.0
20,2025-04-29,168,0.80851,167.19149,4.32377,12.6
21,2025-04-29,96,4.60801,91.39199,2.35735,7.2
22,2025-04-29,96,0.0984,95.9016,4.9863,7.2
23,2025-04-29,120,0.50528,119.49472,10.45973,9.0
24,2025-04-29,96,1.48597,94.51403,8.79847,7.2
1,2025-04-30,72,0.02465,71.97535,3.81745,5.4
2,2025-04-30,144,4.07134,139.92866,29.21363,10.8
3,2025-04-30,192,0.1159,191.8841,10.47123,14.4
4,2025-04-30,120,0.0117,119.9883,20.44613,9.0
5,2025-04-30,168,0.41381,167.58619,12.08133,12.6
6,2025-04-30,144,3.01247,140.98753,9.8488,10.8
7,2025-04-30,96,6.84547,89.15453,14.86047,7.2
8,2025-04-30,168,2.2593,165.7407,5.18175,12.6
9,2025-04-30,144,11.19718,132.80282,7.0912,10.8
10,2025-04-30,120,0.336,119.664,21.61216,9.0
11,2025-04-30,120,3.79191,116.20809,2.86448,9.0
12,2025-04-30,72,0.00309,71.99691,7.84962,5.4
13,2025-04-30,72,0.63684,71.36316,9.79431,5.4
14,2025-04-30,120,0.21833,119.78167,29.71939,9.0
15,2025-04-30,72,2.63819,69.36181,19.66191,5.4
16,2025-04-30,192,1.26784,190.73216,18.13234,14.4
17,2025-04-30,192,0.01818,191.98182,33.91451,14.4
18,2025-04-30,96,2.19558,93.80442,35.48211,7.2
19,2025-04-30,120,0.75121,119.24879,10.07417,9.0
20,2025-04-30,168,0.20183,167.79817,4.77521,12.6
21,2025-04-30,96,0.51443,95.48557,3.23428,7.2
22,2025-04-30,96,0.40096,95.59904,1.91535,7.2
23,2025-04-30,120,1.55528,118.44472,3.56864,9.0
24,2025-04-30,96,2.8302,93.1698,1.70692,7.2
1,2025-05-01,72,4.51885,67.48115,3.86583,5.4
2,2025-05-01,144,0.80874,143.19126,23.86425,10.8
3,2025-05-01,192,1.34011,190.65989,14.47713,14.4
4,2025-05-01,120,0.19308,119.80692,24.39194,9.0
5,2025-05-01,168,0.46233,167.53767,9.36944,12.6
6,2025-05-01,144,0.02521,143.97479,9.43321,10.8
7,2025-05-01,96,0.5618,95.4382,17.60617,7.2
8,2025-05-01,168,1.40954,166.59046,7.86054,12.6
9,2025-05-01,144,0.78954,143.21046,5.33306,10.8
10,2025-05-01,120,2.12661,117.87339,13.89504,9.0
11,2025-05-01,120,0.09108,119.90892,11.10215,9.0
12,2025-05-01,72,2.59826,69.40174,10.3008,5.4
13,2025-05-01,72,0.44658,71.55342,6.67703,5.4
14,2025-05-01,120,1.02407,118.97593,45.30782,9.0
15,2025-05-01,72,0.00014,71.99986,12.79542,5.4
16,2025-05-01,192,2.36436,189.63564,12.50536,14.4
17,2025-05-01,192,6.78308,185.21692,50.1318,14.4
18,2025-05-01,96,2.63707,93.36293,27.81811,7.2
19,2025-05-01,120,0.5238,119.4762,17.18525,9.0
20,2025-05-01,168,0.36505,167.63495,4.4555,12.6
21,2025-05-01,96,0.37557,95.62443,3.60672,7.2
22,2025-05-01,96,0.66055,95.33945,3.57304,7.2
23,2025-05-01,120,3.41587,116.58413,8.69883,9.0
24,2025-05-01,96,0.16071,95.83929,17.33872,7.2
1,2025-05-02,72,6.14529,65.85471,3.81896,5.4
2,2025-05-02,144,0.74257,143.25743,45.56825,10.8
3,2025-05-02,192,0.09242,191.90758,11.65961,14.4
4,2025-05-02,120,0.25277,119.74723,38.43141,9.0
5,2025-05-02,168,0.03827,167.96173,9.92968,12.6
6,2025-05-02,144,0.18938,143.81062,10.51472,10.8
7,2025-05-02,96,2.22862,93.77138,19.20191,7.2
8,2025-05-02,168,1.93093,166.06907,7.07105,12.6
9,2025-05-02,144,7.38089,136.61911,9.2673,10.8
10,2025-05-02,120,0.86104,119.13896,10.52742,9.0
11,2025-05-02,120,1.61075,118.38925,8.31179,9.0
12,2025-05-02,72,1.63777,70.36223,6.16584,5.4
13,2025-05-02,72,0.96564,71.03436,9.38465,5.4
14,2025-05-02,120,0.17838,119.82162,36.86385,9.0
15,2025-05-02,72,6.22342,65.77658,22.2215,5.4
16,2025-05-02,192,0.74661,191.25339,15.72137,14.4
17,2025-05-02,192,0.49126,191.50874,48.01043,14.4
18,2025-05-02,96,0.02668,95.97332,24.60145,7.2
19,2025-05-02,120,4.00273,115.99727,12.21353,9.0
20,2025-05-02,168,2.0698,165.9302,3.14901,12.6
21,2025-05-02,96,0.82224,95.17776,1.63993,7.2
22,2025-05-02,96,0.14049,95.85951,5.87912,7.2
23,2025-05-02,120,0.51966,119.48034,5.25231,9.0
24,2025-05-02,96,0.50688,95.49312,10.85072,7.2
1,2025-05-03,72,0.53374,71.46626,3.03397,5.4
2,2025-05-03,144,0.01913,143.98087,32.96787,10.8
3,2025-05-03,192,1.07264,190.92736,13.17429,14.4
4,2025-05-03,120,0.04514,119.95486,31.9354,9.0
5,2025-05-03,168,1.9127,166.0873,9.05623,12.6
6,2025-05-03,144,1.6837,142.3163,7.4479,10.8
7,2025-05-03,96,1.11203,94.88797,15.84906,7.2
8,2025-05-03,168,0.01596,167.98404,7.56242,12.6
9,2025-05-03,144,0.16758,143.83242,7.28734,10.8
10,2025-05-03,120,0.62551,119.37449,22.58889,9.0
11,2025-05-03,120,0.35648,119.64352,11.37193,9.0
12,2025-05-03,72,1.2438,70.7562,9.07358,5.4
13,2025-05-03,72,7.55424,64.44576,7.95432,5.4
14,2025-05-03,120,3.35687,116.64313,47.19796,9.0
15,2025-05-03,72,0.37095,71.62905,23.32943,5.4
16,2025-05-03,192,2.15924,189.84076,14.62478,14.4
17,2025-05-03,192,6.78112,185.21888,79.45055,14.4
18,2025-05-03,96,0.29906,95.70094,22.87,7.2
19,2025-05-03,120,0.25967,119.74033,10.94464,9.0
20,2025-05-03,168,0.28481,167.71519,7.28401,12.6
21,2025-05-03,96,0.13169,95.86831,5.00613,7.2
22,2025-05-03,96,0.02591,95.97409,3.91366,7.2
23,2025-05-03,120,0.02467,119.97533,8.9666,9.0
24,2025-05-03,96,2.1083,93.8917,6.48378,7.2
1,2025-05-04,72,0.21912,71.78088,3.98812,5.4
2,2025-05-04,144,3.50606,140.49394,23.10481,10.8
3,2025-05-04,192,1.52464,190.47536,9.89147,14.4
4,2025-05-04,120,2.0944,117.9056,40.94282,9.0
5,2025-05-04,168,0.48217,167.51783,12.76547,12.6
6,2025-05-04,144,0.94063,143.05937,9.20806,10.8
7,2025-05-04,96,0.12185,95.87815,12.09602,7.2
8,2025-05-04,168,0.18784,167.81216,8.08926,12.6
9,2025-05-04,144,0.5959,143.4041,11.11207,10.8
10,2025-05-04,120,2.09203,117.90797,12.64294,9.0
11,2025-05-04,120,0.03036,119.96964,6.44928,9.0
12,2025-05-04,72,0.99001,71.00999,6.14686,5.4
13,2025-05-04,72,1.12422,70.87578,4.51859,5.4
14,2025-05-04,120,0.87839,119.12161,30.65859,9.0
15,2025-05-04,72,2.64659,69.35341,15.48033,5.4
16,2025-05-04,192,1.38759,190.61241,11.97073,14.4
17,2025-05-04,192,1.33632,190.66368,60.47687,14.4
18,2025-05-04,96,6.96975,89.03025,30.82569,7.2
19,2025-05-04,120,0.12421,119.87579,15.28437,9.0
20,2025-05-04,168,0.81341,167.18659,5.57377,12.6
21,2025-05-04,96,0.25986,95.74014,3.20279,7.2
22,2025-05-04,96,3.53804,92.46196,6.76852,7.2
23,2025-05-04,120,0.77041,119.22959,5.92835,9.0
24,2025-05-04,96,0.56942,95.43058,11.69088,7.2
1,2025-05-05,72,0.40856,71.59144,4.82928,5.4
2,2025-05-05,144,0.26186,143.73814,27.05486,10.8
3,2025-05-05,192,0.4514,191.5486,16.5789,14.4
4,2025-05-05,120,0.03026,119.96974,26.38702,9.0
5,2025-05-05,168,0.61877,167.38123,12.91401,12.6
6,2025-05-05,144,1.32887,142.67113,8.20992,10.8
7,2025-05-05,96,0.13107,95.86893,16.13465,7.2
8,2025-05-05,168,0.06904,167.93096,2.0421,12.6
9,2025-05-05,144,0.04839,143.95161,13.47096,10.8
10,2025-05-05,120,0.19786,119.80214,19.37258,9.0
11,2025-05-05,120,0.04386,119.95614,8.71084,9.0
12,2025-05-05,72,0.19998,71.80002,4.0775,5.4
13,2025-05-05,72,0.00954,71.99046,11.32796,5.4
14,2025-05-05,120,0.09625,119.90375,50.32353,9.0
15,2025-05-05,72,2.21389,69.78611,22.42942,5.4
16,2025-05-05,192,2.96527,189.03473,14.42355,14.4
17,2025-05-05,192,5.06985,186.93015,50.51371,14.4
18,2025-05-05,96,1.26765,94.73235,38.03223,7.2
19,2025-05-05,120,0.49105,119.50895,10.86417,9.0
20,2025-05-05,168,0.02231,167.97769,5.01032,12.6
21,2025-05-05,96,0.01874,95.98126,5.68253,7.2
22,2025-05-05,96,0.54783,95.45217,0.91458,7.2
23,2025-05-05,120,0.13936,119.86064,4.74215,9.0
24,2025-05-05,96,0.44128,95.55872,7.19106,7.2
1,2025-05-06,72,2.27324,69.72676,3.85898,5.4
2,2025-05-06,144,0.83021,143.16979,35.13212,10.8
3,2025-05-06,192,0.41337,191.58663,16.4345,14.4
4,2025-05-06,120,0.00327,119.99673,26.80824,9.0
5,2025-05-06,168,0.25839,167.74161,11.13547,12.6
6,2025-05-06,144,0.07353,143.92647,7.42577,10.8
7,2025-05-06,96,0.0118,95.9882,23.45138,7.2
8,2025-05-06,168,0.10292,167.89708,4.65959,12.6
9,2025-05-06,144,0.49476,143.50524,8.93279,10.8
10,2025-05-06,120,0.56466,119.43534,21.7328,9.0
11,2025-05-06,120,0.99924,119.00076,5.5733,9.0
12,2025-05-06,72,0.28613,71.71387,8.99687,5.4
13,2025-05-06,72,5.24801,66.75199,8.38524,5.4
14,2025-05-06,120,0.07511,119.92489,34.78193,9.0
15,2025-05-06,72,2.69048,69.30952,19.91246,5.4
16,2025-05-06,192,0.12019,191.87981,9.65943,14.4
17,2025-05-06,192,0.71322,191.28678,56.58076,14.4
18,2025-05-06,96,0.29766,95.70234,23.76427,7.2
19,2025-05-06,120,1.52178,118.47822,15.65242,9.0
20,2025-05-06,168,0.29255,167.70745,1.79964,12.6
21,2025-05-06,96,0.66698,95.33302,1.02909,7.2
22,2025-05-06,96,0.89351,95.10649,3.77919,7.2
23,2025-05-06,120,0.87485,119.12515,4.79965,9.0
24,2025-05-06,96,0.02937,95.97063,7.00445,7.2
1,2025-05-07,72,0.00181,71.99819,5.44906,5.4
2,2025-05-07,144,6.42737,137.57263,37.70464,10.8
3,2025-05-07,192,7.94672,184.05328,10.93106,14.4
4,2025-05-07,120,1.61496,118.38504,15.01122,9.0
5,2025-05-07,168,0.04889,167.95111,12.96746,12.6
6,2025-05-07,144,0.91082,143.08918,9.4205,10.8
7,2025-05-07,96,1.61277,94.38723,19.7174,7.2
8,2025-05-07,168,1.20149,166.79851,5.90179,12.6
9,2025-05-07,144,1.45878,142.54122,9.18071,10.8
10,2025-05-07,120,1.08566,118.91434,21.19553,9.0
11,2025-05-07,120,0.05267,119.94733,4.9043,9.0
12,2025-05-07,72,0.73806,71.26194,14.19212,5.4
13,2025-05-07,72,0.36901,71.63099,10.6567,5.4
14,2025-05-07,120,1.86775,118.13225,30.77887,9.0
15,2025-05-07,72,0.20759,71.79241,18.94128,5.4
16,2025-05-07,192,2.26301,189.73699,15.50457,14.4
17,2025-05-07,192,2.05543,189.94457,39.78668,14.4
18,2025-05-07,96,2.54382,93.45618,26.41132,7.2
19,2025-05-07,120,0.38589,119.61411,24.72664,9.0
20,2025-05-07,168,1.09958,166.90042,3.9367,12.6
21,2025-05-07,96,4.30737,91.69263,3.34104,7.2
22,2025-05-07,96,0.01536,95.98464,2.87736,7.2
23,2025-05-07,120,1.53554,118.46446,4.29603,9.0
24,2025-05-07,96,0.00962,95.99038,8.39855,7.2
1,2025-05-08,72,1.05031,70.94969,3.65516,5.4
2,2025-05-08,144,0.19413,143.80587,26.98185,10.8
3,2025-05-08,192,1.7779,190.2221,8.05414,14.4
4,2025-05-08,120,0.98529,119.01471,17.77119,9.0
5,2025-05-08,168,1.83803,166.16197,11.3168,12.6
6,2025-05-08,144,0.52831,143.47169,12.10117,10.8
7,2025-05-08,96,0.27403,95.72597,12.05667,7.2
8,2025-05-08,168,3.26335,164.73665,5.8292,12.6
9,2025-05-08,144,0.37764,143.62236,8.60874,10.8
10,2025-05-08,120,0.32434,119.67566,16.72231,9.0
11,2025-05-08,120,0.62783,119.37217,4.65971,9.0
12,2025-05-08,72,0.01615,71.98385,3.51087,5.4
13,2025-05-08,72,0.10638,71.89362,5.98137,5.4
14,2025-05-08,120,7.27726,112.72274,32.80488,9.0
15,2025-05-08,72,0.30851,71.69149,23.9737,5.4
16,2025-05-08,192,0.25552,191.74448,13.47174,14.4
17,2025-05-08,192,6.92647,185.07353,65.75303,14.4
18,2025-05-08,96,2.19843,93.80157,28.18672,7.2
19,2025-05-08,120,0.33531,119.66469,10.28646,9.0
20,2025-05-08,168,2.19382,165.80618,4.96415,12.6
21,2025-05-08,96,0.9521,95.0479,3.50587,7.2
22,2025-05-08,96,4.47602,91.52398,5.14114,7.2
23,2025-05-08,120,0.00517,119.99483,7.29884,9.0
24,2025-05-08,96,0.13155,95.86845,5.90435,7.2
1,2025-05-09,72,1.06633,70.93367,4.62856,5.4
2,2025-05-09,144,2.97794,141.02206,20.29502,10.8
3,2025-05-09,192,0.81176,191.18824,9.56672,14.4
4,2025-05-09,120,0.0084,119.9916,25.80861,9.0
5,2025-05-09,168,0.82459,167.17541,8.46512,12.6
6,2025-05-09,144,1.0293,142.9707,6.94206,10.8
7,2025-05-09,96,0.03054,95.96946,10.59635,7.2
8,2025-05-09,168,0.317,167.683,5.75746,12.6
9,2025-05-09,144,4.44065,139.55935,10.47966,10.8
10,2025-05-09,120,6.79907,113.20093,15.98076,9.0
11,2025-05-09,120,1.69746,118.30254,5.53729,9.0
12,2025-05-09,72,1.34975,70.65025,4.6242,5.4
13,2025-05-09,72,1.91953,70.08047,10.72793,5.4
14,2025-05-09,120,0.65296,119.34704,46.28433,9.0
15,2025-05-09,72,0.02548,71.97452,15.14226,5.4
16,2025-05-09,192,4.70891,187.29109,16.84888,14.4
17,2025-05-09,192,14.40704,177.59296,48.56008,14.4
18,2025-05-09,96,0.20262,95.79738,34.70546,7.2
19,2025-05-09,120,3.19681,116.80319,17.50102,9.0
20,2025-05-09,168,0.31808,167.68192,8.06772,12.6
21,2025-05-09,96,0.13304,95.86696,5.01732,7.2
22,2025-05-09,96,1.1635,94.8365,3.58651,7.2
23,2025-05-09,120,0.46826,119.53174,6.79416,9.0
24,2025-05-09,96,0.03054,95.96946,5.65263,7.2
1,2025-05-10,72,0.02329,71.97671,2.32183,5.4
2,2025-05-10,144,2.28767,141.71233,23.78656,10.8
3,2025-05-10,192,4.25633,187.74367,8.35371,14.4
4,2025-05-10,120,0.36362,119.63638,32.32988,9.0
5,2025-05-10,168,0.10608,167.89392,12.43271,12.6
6,2025-05-10,144,1.39643,142.60357,8.86747,10.8
7,2025-05-10,96,0.64506,95.35494,8.04778,7.2
8,2025-05-10,168,0.77336,167.22664,6.6405,12.6
9,2025-05-10,144,2.54543,141.45457,11.6185,10.8
10,2025-05-10,120,0.80382,119.19618,10.88111,9.0
11,2025-05-10,120,0.48111,119.51889,5.23714,9.0
12,2025-05-10,72,2.38852,69.61148,10.65694,5.4
13,2025-05-10,72,5.75215,66.24785,8.89684,5.4
14,2025-05-10,120,7.80032,112.19968,38.67317,9.0
15,2025-05-10,72,0.21907,71.78093,24.62551,5.4
16,2025-05-10,192,1.76105,190.23895,8.94012,14.4
17,2025-05-10,192,1.52565,190.47435,49.48537,14.4
18,2025-05-10,96,0.27669,95.72331,40.13413,7.2
19,2025-05-10,120,2.00405,117.99595,14.72608,9.0
20,2025-05-10,168,0.11692,167.88308,3.57156,12.6
21,2025-05-10,96,0.54832,95.45168,1.968,7.2
22,2025-05-10,96,0.21393,95.78607,4.96061,7.2
23,2025-05-10,120,0.57833,119.42167,6.62895,9.0
24,2025-05-10,96,0.51283,95.48717,4.96998,7.2
1,2025-05-11,72,0.13043,71.86957,4.92343,5.4
2,2025-05-11,144,0.92813,143.07187,26.30309,10.8
3,2025-05-11,192,0.39819,191.60181,9.36453,14.4
4,2025-05-11,120,0.15035,119.84965,30.87761,9.0
5,2025-05-11,168,7.2575,160.7425,8.71835,12.6
6,2025-05-11,144,2.75094,141.24906,7.9229,10.8
7,2025-05-11,96,1.47479,94.52521,15.65109,7.2
8,2025-05-11,168,0.07596,167.92404,7.25261,12.6
9,2025-05-11,144,4.02809,139.97191,13.55633,10.8
10,2025-05-11,120,0.72403,119.27597,14.2538,9.0
11,2025-05-11,120,0.04414,119.95586,6.28485,9.0
12,2025-05-11,72,0.69142,71.30858,10.30707,5.4
13,2025-05-11,72,0.1478,71.8522,5.71572,5.4
14,2025-05-11,120,3.73851,116.26149,37.0745,9.0
15,2025-05-11,72,2.53242,69.46758,17.39242,5.4
16,2025-05-11,192,0.75416,191.24584,14.35264,14.4
17,2025-05-11,192,11.16533,180.83467,77.88875,14.4
18,2025-05-11,96,3.43155,92.56845,13.77542,7.2
19,2025-05-11,120,0.23333,119.76667,8.17689,9.0
20,2025-05-11,168,4.28336,163.71664,3.7819,12.6
21,2025-05-11,96,2.18859,93.81141,3.43102,7.2
22,2025-05-11,96,5.52697,90.47303,2.28883,7.2
23,2025-05-11,120,1.17694,118.82306,2.75201,9.0
24,2025-05-11,96,0.4746,95.5254,6.8678,7.2
1,2025-05-12,72,1.15351,70.84649,4.7664,5.4
2,2025-05-12,144,8.85339,135.14661,31.27944,10.8
3,2025-05-12,192,1.15679,190.84321,8.52197,14.4
4,2025-05-12,120,1.40551,118.59449,18.0226,9.0
5,2025-05-12,168,0.03453,167.96547,15.50983,12.6
6,2025-05-12,144,0.45653,143.54347,8.49964,10.8
7,2025-05-12,96,0.57431,95.42569,14.34284,7.2
8,2025-05-12,168,0.46296,167.53704,5.53881,12.6
9,2025-05-12,144,0.24173,143.75827,9.05846,10.8
10,2025-05-12,120,3.31717,116.68283,9.0642,9.0
11,2025-05-12,120,0.2342,119.7658,4.51248,9.0
12,2025-05-12,72,1.76577,70.23423,15.32577,5.4
13,2025-05-12,72,0.048,71.952,5.98345,5.4
14,2025-05-12,120,8.74576,111.25424,16.57653,9.0
15,2025-05-12,72,0.45281,71.54719,23.24551,5.4
16,2025-05-12,192,0.37221,191.62779,13.83569,14.4
17,2025-05-12,192,0.04094,191.95906,56.02261,14.4
18,2025-05-12,96,7.40071,88.59929,29.8159,7.2
19,2025-05-12,120,2.76327,117.23673,17.12764,9.0
20,2025-05-12,168,1.23899,166.76101,5.49769,12.6
21,2025-05-12,96,0.6568,95.3432,2.93262,7.2
22,2025-05-12,96,0.38253,95.61747,3.00712,7.2
23,2025-05-12,120,0.60979,119.39021,3.70853,9.0
24,2025-05-12,96,0.3932,95.6068,12.4754,7.2
1,2025-05-13,72,0.70902,71.29098,3.20541,5.4
2,2025-05-13,144,0.47044,143.52956,32.17788,10.8
3,2025-05-13,192,0.02571,191.97429,12.03651,14.4
4,2025-05-13,120,0.4572,119.5428,18.39831,9.0
5,2025-05-13,168,0.34867,167.65133,10.79066,12.6
6,2025-05-13,144,0.24462,143.75538,5.61907,10.8
7,2025-05-13,96,1.60246,94.39754,14.95422,7.2
8,2025-05-13,168,0.77478,167.22522,6.59321,12.6
9,2025-05-13,144,0.06241,143.93759,10.43271,10.8
10,2025-05-13,120,0.29242,119.70758,13.09896,9.0
11,2025-05-13,120,0.6337,119.3663,7.36138,9.0
12,2025-05-13,72,0.07184,71.92816,6.99275,5.4
13,2025-05-13,72,0.15769,71.84231,7.68341,5.4
14,2025-05-13,120,4.02801,115.97199,37.11504,9.0
15,2025-05-13,72,1.44958,70.55042,14.74992,5.4
16,2025-05-13,192,0.01437,191.98563,13.6607,14.4
17,2025-05-13,192,0.11281,191.88719,58.63392,14.4
18,2025-05-13,96,2.57387,93.42613,18.62247,7.2
19,2025-05-13,120,0.58693,119.41307,7.23563,9.0
20,2025-05-13,168,0.58518,167.41482,4.63417,12.6
21,2025-05-13,96,0.45312,95.54688,4.73882,7.2
22,2025-05-13,96,0.41025,95.58975,4.8724,7.2
23,2025-05-13,120,0.49068,119.50932,6.19591,9.0
24,2025-05-13,96,0.9378,95.0622,18.46138,7.2
1,2025-05-14,72,2.13747,69.86253,3.66854,5.4
2,2025-05-14,144,0.60272,143.39728,40.69745,10.8
3,2025-05-14,192,0.00768,191.99232,13.76216,14.4
4,2025-05-14,120,0.10621,119.89379,28.92259,9.0
5,2025-05-14,168,0.0206,167.9794,8.5151,12.6
6,2025-05-14,144,0.86152,143.13848,7.08114,10.8
7,2025-05-14,96,0.37952,95.62048,14.76138,7.2
8,2025-05-14,168,0.10259,167.89741,4.75561,12.6
9,2025-05-14,144,0.03704,143.96296,6.46876,10.8
10,2025-05-14,120,0.1313,119.8687,20.90853,9.0
11,2025-05-14,120,0.75875,119.24125,7.03252,9.0
12,2025-05-14,72,1.39925,70.60075,9.36978,5.4
13,2025-05-14,72,6.7675,65.2325,12.5151,5.4
14,2025-05-14,120,0.27439,119.72561,31.98029,9.0
15,2025-05-14,72,5.10218,66.89782,8.92939,5.4
16,2025-05-14,192,0.72901,191.27099,13.67903,14.4
17,2025-05-14,192,2.2094,189.7906,54.71515,14.4
18,2025-05-14,96,8.40181,87.59819,25.83295,7.2
19,2025-05-14,120,0.76738,119.23262,13.21877,9.0
20,2025-05-14,168,1.29766,166.70234,5.9775,12.6
21,2025-05-14,96,1.49181,94.50819,1.19711,7.2
22,2025-05-14,96,2.1835,93.8165,5.19655,7.2
23,2025-05-14,120,0.41496,119.58504,7.10008,9.0
24,2025-05-14,96,1.86417,94.13583,9.25743,7.2
1,2025-05-15,72,2.55316,69.44684,4.86821,5.4
2,2025-05-15,144,2.69991,141.30009,31.17268,10.8
3,2025-05-15,192,1.4455,190.5545,9.21172,14.4
4,2025-05-15,120,0.86598,119.13402,20.7882,9.0
5,2025-05-15,168,2.50451,165.49549,8.05001,12.6
6,2025-05-15,144,1.6066,142.3934,8.44262,10.8
7,2025-05-15,96,0.22202,95.77798,10.97896,7.2
8,2025-05-15,168,0.39563,167.60437,7.92032,12.6
9,2025-05-15,144,0.98164,143.01836,13.67888,10.8
10,2025-05-15,120,1.03668,118.96332,15.28515,9.0
11,2025-05-15,120,0.57752,119.42248,13.44631,9.0
12,2025-05-15,72,0.04693,71.95307,2.03093,5.4
13,2025-05-15,72,0.06374,71.93626,7.3559,5.4
14,2025-05-15,120,3.98062,116.01938,28.09567,9.0
15,2025-05-15,72,0.00529,71.99471,19.66312,5.4
16,2025-05-15,192,1.09976,190.90024,11.30139,14.4
17,2025-05-15,192,0.278,191.722,50.16187,14.4
18,2025-05-15,96,8.3091,87.6909,38.60781,7.2
19,2025-05-15,120,0.03649,119.96351,11.37045,9.0
20,2025-05-15,168,1.66199,166.33801,5.34689,12.6
21,2025-05-15,96,1.47861,94.52139,1.87833,7.2
22,2025-05-15,96,0.23087,95.76913,4.09432,7.2
23,2025-05-15,120,0.04596,119.95404,6.83843,9.0
24,2025-05-15,96,3.53672,92.46328,5.9199,7.2
1,2025-05-16,72,0.33944,71.66056,4.00253,5.4
2,2025-05-16,144,2.69513,141.30487,38.27739,10.8
3,2025-05-16,192,0.07307,191.92693,12.08709,14.4
4,2025-05-16,120,1.85154,118.14846,22.52809,9.0
5,2025-05-16,168,0.02342,167.97658,8.27067,12.6
6,2025-05-16,144,0.51811,143.48189,9.83035,10.8
7,2025-05-16,96,0.98487,95.01513,21.69801,7.2
8,2025-05-16,168,4.61566,163.38434,6.53729,12.6
9,2025-05-16,144,1.98851,142.01149,10.60978,10.8
10,2025-05-16,120,1.12903,118.87097,14.51694,9.0
11,2025-05-16,120,0.00151,119.99849,7.75792,9.0
12,2025-05-16,72,0.46234,71.53766,6.33544,5.4
13,2025-05-16,72,0.96483,71.03517,6.49077,5.4
14,2025-05-16,120,1.04063,118.95937,23.97684,9.0
15,2025-05-16,72,3.67924,68.32076,7.76437,5.4
16,2025-05-16,192,2.45115,189.54885,10.77531,14.4
17,2025-05-16,192,11.98715,180.01285,45.9765,14.4
18,2025-05-16,96,7.65502,88.34498,21.83137,7.2
19,2025-05-16,120,2.85165,117.14835,21.91793,9.0
20,2025-05-16,168,1.41199,166.58801,8.64805,12.6
21,2025-05-16,96,0.51787,95.48213,3.3305,7.2
22,2025-05-16,96,0.01188,95.98812,1.31684,7.2
23,2025-05-16,120,0.00019,119.99981,2.67025,9.0
24,2025-05-16,96,2.71337,93.28663,13.89244,7.2
1,2025-05-17,72,0.03414,71.96586,4.54484,5.4
2,2025-05-17,144,0.75917,143.24083,33.09825,10.8
3,2025-05-17,192,0.10159,191.89841,12.46099,14.4
4,2025-05-17,120,0.00441,119.99559,23.83447,9.0
5,2025-05-17,168,1.68517,166.31483,10.34189,12.6
6,2025-05-17,144,0.40995,143.59005,9.81726,10.8
7,2025-05-17,96,0.02733,95.97267,17.16338,7.2
8,2025-05-17,168,8.47561,159.52439,6.9774,12.6
9,2025-05-17,144,5.85753,138.14247,5.4985,10.8
10,2025-05-17,120,3.38054,116.61946,27.65443,9.0
11,2025-05-17,120,5e-05,119.99995,3.64786,9.0
12,2025-05-17,72,0.10952,71.89048,4.98678,5.4
13,2025-05-17,72,8.38958,63.61042,6.3766,5.4
14,2025-05-17,120,0.23616,119.76384,35.54728,9.0
15,2025-05-17,72,0.0045,71.9955,15.5258,5.4
16,2025-05-17,192,2.7127,189.2873,15.31014,14.4
17,2025-05-17,192,0.42064,191.57936,58.75667,14.4
18,2025-05-17,96,0.01526,95.98474,23.4319,7.2
19,2025-05-17,120,0.5861,119.4139,13.65109,9.0
20,2025-05-17,168,0.04473,167.95527,5.59835,12.6
21,2025-05-17,96,2.4565,93.5435,2.15304,7.2
22,2025-05-17,96,0.46304,95.53696,3.82373,7.2
23,2025-05-17,120,1.69279,118.30721,8.26292,9.0
24,2025-05-17,96,0.02277,95.97723,7.28489,7.2
1,2025-05-18,72,0.8087,71.1913,3.75669,5.4
2,2025-05-18,144,0.73888,143.26112,21.18989,10.8
3,2025-05-18,192,0.04535,191.95465,8.80682,14.4
4,2025-05-18,120,1.50793,118.49207,15.77524,9.0
5,2025-05-18,168,0.34324,167.65676,6.04633,12.6
6,2025-05-18,144,0.63371,143.36629,16.41686,10.8
7,2025-05-18,96,0.78674,95.21326,13.65181,7.2
8,2025-05-18,168,1.34416,166.65584,8.27941,12.6
9,2025-05-18,144,0.33248,143.66752,12.01464,10.8
10,2025-05-18,120,0.1792,119.8208,5.38546,9.0
11,2025-05-18,120,4.81299,115.18701,4.7635,9.0
12,2025-05-18,72,0.25337,71.74663,9.23176,5.4
13,2025-05-18,72,2.13597,69.86403,11.34496,5.4
14,2025-05-18,120,2.41934,117.58066,32.88058,9.0
15,2025-05-18,72,5.55928,66.44072,8.74369,5.4
16,2025-05-18,192,1.64782,190.35218,16.53611,14.4
17,2025-05-18,192,0.22697,191.77303,58.42661,14.4
18,2025-05-18,96,0.75548,95.24452,28.16066,7.2
19,2025-05-18,120,0.47128,119.52872,15.77796,9.0
20,2025-05-18,168,0.06307,167.93693,5.21645,12.6
21,2025-05-18,96,0.3927,95.6073,1.71094,7.2
22,2025-05-18,96,2.68563,93.31437,7.68631,7.2
23,2025-05-18,120,0.15574,119.84426,9.29836,9.0
24,2025-05-18,96,0.01211,95.98789,8.68676,7.2
1,2025-05-19,72,0.01044,71.98956,5.70078,5.4
2,2025-05-19,144,1.50864,142.49136,19.35072,10.8
3,2025-05-19,192,0.63325,191.36675,9.79355,14.4
4,2025-05-19,120,0.26819,119.73181,25.59564,9.0
5,2025-05-19,168,2.06744,165.93256,10.35749,12.6
6,2025-05-19,144,0.4722,143.5278,9.02412,10.8
7,2025-05-19,96,1.10355,94.89645,8.80344,7.2
8,2025-05-19,168,0.73471,167.26529,6.42697,12.6
9,2025-05-19,144,0.13136,143.86864,10.69979,10.8
10,2025-05-19,120,2.98422,117.01578,7.48987,9.0
11,2025-05-19,120,1.01539,118.98461,8.67792,9.0
12,2025-05-19,72,0.2647,71.7353,8.72315,5.4
13,2025-05-19,72,0.47447,71.52553,9.39287,5.4
14,2025-05-19,120,2.36364,117.63636,20.1261,9.0
15,2025-05-19,72,5.85075,66.14925,19.1924,5.4
16,2025-05-19,192,0.04095,191.95905,17.59488,14.4
17,2025-05-19,192,6.48799,185.51201,46.30503,14.4
18,2025-05-19,96,11.66483,84.33517,41.48894,7.2
19,2025-05-19,120,0.9048,119.0952,6.77785,9.0
20,2025-05-19,168,0.24862,167.75138,2.10759,12.6
21,2025-05-19,96,4.65067,91.34933,3.3175,7.2
22,2025-05-19,96,2.15675,93.84325,2.28805,7.2
23,2025-05-19,120,0.63632,119.36368,10.24556,9.0
24,2025-05-19,96,3.44011,92.55989,9.67827,7.2
1,2025-05-20,72,2.37896,69.62104,4.98103,5.4
2,2025-05-20,144,0.90752,143.09248,24.4255,10.8
3,2025-05-20,192,2.78071,189.21929,12.05323,14.4
4,2025-05-20,120,0.02399,119.97601,19.02362,9.0
5,2025-05-20,168,0.00022,167.99978,7.81062,12.6
6,2025-05-20,144,0.07398,143.92602,6.90409,10.8
7,2025-05-20,96,0.07201,95.92799,16.35058,7.2
8,2025-05-20,168,0.28788,167.71212,6.58817,12.6
9,2025-05-20,144,0.05588,143.94412,8.04646,10.8
10,2025-05-20,120,2.65143,117.34857,19.28872,9.0
11,2025-05-20,120,0.17958,119.82042,7.29964,9.0
12,2025-05-20,72,0.29489,71.70511,4.60209,5.4
13,2025-05-20,72,1.54219,70.45781,9.35058,5.4
14,2025-05-20,120,0.51824,119.48176,28.4969,9.0
15,2025-05-20,72,10.20663,61.79337,14.97392,5.4
16,2025-05-20,192,1.41224,190.58776,15.09625,14.4
17,2025-05-20,192,3.04143,188.95857,54.14286,14.4
18,2025-05-20,96,0.42251,95.57749,20.79776,7.2
19,2025-05-20,120,0.29844,119.70156,12.67433,9.0
20,2025-05-20,168,0.41528,167.58472,3.83203,12.6
21,2025-05-20,96,0.08909,95.91091,0.4233,7.2
22,2025-05-20,96,2.30005,93.69995,1.73008,7.2
23,2025-05-20,120,3.19443,116.80557,6.10646,9.0
24,2025-05-20,96,0.92811,95.07189,5.72949,7.2
1,2025-05-21,72,0.08539,71.91461,2.94203,5.4
2,2025-05-21,144,0.48207,143.51793,26.38361,10.8
3,2025-05-21,192,1.59419,190.40581,10.33176,14.4
4,2025-05-21,120,0.00317,119.99683,28.19301,9.0
5,2025-05-21,168,2.17296,165.82704,7.46513,12.6
6,2025-05-21,144,0.15967,143.84033,5.67111,10.8
7,2025-05-21,96,1.09583,94.90417,12.29758,7.2
8,2025-05-21,168,0.1439,167.8561,4.51812,12.6
9,2025-05-21,144,0.07115,143.92885,9.42844,10.8
10,2025-05-21,120,0.84265,119.15735,21.00366,9.0
11,2025-05-21,120,0.30624,119.69376,4.65715,9.0
12,2025-05-21,72,0.31231,71.68769,23.84553,5.4
13,2025-05-21,72,4.14987,67.85013,6.10577,5.4
14,2025-05-21,120,2.59917,117.40083,21.60875,9.0
15,2025-05-21,72,3.38409,68.61591,25.42424,5.4
16,2025-05-21,192,1.46363,190.53637,12.16462,14.4
17,2025-05-21,192,0.51929,191.48071,45.79558,14.4
18,2025-05-21,96,1.61584,94.38416,36.14838,7.2
19,2025-05-21,120,0.33518,119.66482,5.75141,9.0
20,2025-05-21,168,0.29434,167.70566,1.11885,12.6
21,2025-05-21,96,0.61298,95.38702,2.24936,7.2
22,2025-05-21,96,0.92544,95.07456,5.11418,7.2
23,2025-05-21,120,0.55238,119.44762,2.75663,9.0
24,2025-05-21,96,1.64918,94.35082,6.25303,7.2
1,2025-05-22,72,1.07365,70.92635,2.38251,5.4
2,2025-05-22,144,1.18816,142.81184,23.12358,10.8
3,2025-05-22,192,0.7567,191.2433,10.93305,14.4
4,2025-05-22,120,2.63722,117.36278,24.80413,9.0
5,2025-05-22,168,4.60316,163.39684,6.36705,12.6
6,2025-05-22,144,5.98804,138.01196,7.33025,10.8
7,2025-05-22,96,0.58317,95.41683,5.61756,7.2
8,2025-05-22,168,0.29753,167.70247,6.50643,12.6
9,2025-05-22,144,0.60039,143.39961,7.03989,10.8
10,2025-05-22,120,0.28202,119.71798,19.8391,9.0
11,2025-05-22,120,0.71038,119.28962,8.66295,9.0
12,2025-05-22,72,0.47532,71.52468,2.77957,5.4
13,2025-05-22,72,1.93943,70.06057,10.50223,5.4
14,2025-05-22,120,0.09209,119.90791,31.28969,9.0
15,2025-05-22,72,1.29505,70.70495,15.15767,5.4
16,2025-05-22,192,0.0199,191.9801,9.17195,14.4
17,2025-05-22,192,1.42328,190.57672,57.81487,14.4
18,2025-05-22,96,0.13823,95.86177,15.04249,7.2
19,2025-05-22,120,1.9,118.1,13.54802,9.0
20,2025-05-22,168,1.40289,166.59711,3.70347,12.6
21,2025-05-22,96,0.68276,95.31724,2.94115,7.2
22,2025-05-22,96,0.20545,95.79455,3.19369,7.2
23,2025-05-22,120,0.00993,119.99007,8.13214,9.0
24,2025-05-22,96,0.34049,95.65951,4.08315,7.2
1,2025-05-23,72,0.02337,71.97663,2.59506,5.4
2,2025-05-23,144,1.13276,142.86724,33.02115,10.8
3,2025-05-23,192,2.05891,189.94109,16.39268,14.4
4,2025-05-23,120,0.15034,119.84966,27.45426,9.0
5,2025-05-23,168,4.36015,163.63985,7.5241,12.6
6,2025-05-23,144,0.01552,143.98448,7.53863,10.8
7,2025-05-23,96,3.25544,92.74456,6.72145,7.2
8,2025-05-23,168,0.18465,167.81535,4.14042,12.6
9,2025-05-23,144,0.38056,143.61944,5.42418,10.8
10,2025-05-23,120,1.61144,118.38856,11.75299,9.0
11,2025-05-23,120,0.12461,119.87539,7.38829,9.0
12,2025-05-23,72,5.30591,66.69409,19.87891,5.4
13,2025-05-23,72,1.54342,70.45658,3.72594,5.4
14,2025-05-23,120,4.04921,115.95079,26.85749,9.0
15,2025-05-23,72,0.93248,71.06752,23.33328,5.4
16,2025-05-23,192,0.66702,191.33298,10.4819,14.4
17,2025-05-23,192,0.00195,191.99805,40.88819,14.4
18,2025-05-23,96,3.7865,92.2135,22.2324,7.2
19,2025-05-23,120,1.16671,118.83329,5.01182,9.0
20,2025-05-23,168,2.64395,165.35605,6.30163,12.6
21,2025-05-23,96,2.43606,93.56394,1.79112,7.2
22,2025-05-23,96,0.63407,95.36593,5.93693,7.2
23,2025-05-23,120,0.48937,119.51063,6.79434,9.0
24,2025-05-23,96,1.51973,94.48027,9.93843,7.2
1,2025-05-24,72,0.07577,71.92423,7.04984,5.4
2,2025-05-24,144,3.38268,140.61732,27.38677,10.8
3,2025-05-24,192,0.74237,191.25763,11.62695,14.4
4,2025-05-24,120,2.30305,117.69695,28.72356,9.0
5,2025-05-24,168,0.7665,167.2335,10.7588,12.6
6,2025-05-24,144,1.82086,142.17914,11.40703,10.8
7,2025-05-24,96,0.37202,95.62798,17.5314,7.2
8,2025-05-24,168,0.13916,167.86084,6.27332,12.6
9,2025-05-24,144,1.66189,142.33811,8.62598,10.8
10,2025-05-24,120,0.66768,119.33232,13.25177,9.0
11,2025-05-24,120,0.42203,119.57797,8.03306,9.0
12,2025-05-24,72,0.46723,71.53277,14.706,5.4
13,2025-05-24,72,7.10684,64.89316,6.73629,5.4
14,2025-05-24,120,0.59996,119.40004,31.89364,9.0
15,2025-05-24,72,0.16675,71.83325,19.93237,5.4
16,2025-05-24,192,0.70831,191.29169,15.36029,14.4
17,2025-05-24,192,0.97666,191.02334,54.33898,14.4
18,2025-05-24,96,0.17238,95.82762,36.7686,7.2
19,2025-05-24,120,1.22984,118.77016,17.05812,9.0
20,2025-05-24,168,0.1079,167.8921,4.48123,12.6
21,2025-05-24,96,8.06076,87.93924,2.53583,7.2
22,2025-05-24,96,0.44425,95.55575,1.04819,7.2
23,2025-05-24,120,0.45448,119.54552,8.54046,9.0
24,2025-05-24,96,5.1446,90.8554,4.27847,7.2
1,2025-05-25,72,0.04362,71.95638,5.25551,5.4
2,2025-05-25,144,0.00901,143.99099,19.97148,10.8
3,2025-05-25,192,0.64522,191.35478,10.29668,14.4
4,2025-05-25,120,0.00039,119.99961,22.17991,9.0
5,2025-05-25,168,0.24055,167.75945,8.25851,12.6
6,2025-05-25,144,1.40668,142.59332,6.58022,10.8
7,2025-05-25,96,1.57199,94.42801,9.18053,7.2
8,2025-05-25,168,0.1619,167.8381,6.94481,12.6
9,2025-05-25,144,0.49498,143.50502,8.70455,10.8
10,2025-05-25,120,0.04641,119.95359,10.2449,9.0
11,2025-05-25,120,0.02196,119.97804,7.71601,9.0
12,2025-05-25,72,0.06461,71.93539,9.22578,5.4
13,2025-05-25,72,1.45038,70.54962,10.00928,5.4
14,2025-05-25,120,0.02031,119.97969,41.20377,9.0
15,2025-05-25,72,0.88217,71.11783,15.81834,5.4
16,2025-05-25,192,0.25634,191.74366,20.34043,14.4
17,2025-05-25,192,4.21106,187.78894,54.81091,14.4
18,2025-05-25,96,0.03527,95.96473,17.50649,7.2
19,2025-05-25,120,0.6185,119.3815,9.3239,9.0
20,2025-05-25,168,0.36404,167.63596,3.98471,12.6
21,2025-05-25,96,0.66906,95.33094,2.6845,7.2
22,2025-05-25,96,0.50337,95.49663,3.73914,7.2
23,2025-05-25,120,0.07311,119.92689,4.48139,9.0
24,2025-05-25,96,0.00148,95.99852,13.86111,7.2
1,2025-05-26,72,0.46002,71.53998,3.43081,5.4
2,2025-05-26,144,1.15941,142.84059,37.86272,10.8
3,2025-05-26,192,1.03407,190.96593,10.18231,14.4
4,2025-05-26,120,1.74433,118.25567,10.48364,9.0
5,2025-05-26,168,1.17765,166.82235,11.61381,12.6
6,2025-05-26,144,1.04991,142.95009,9.79185,10.8
7,2025-05-26,96,2.31331,93.68669,9.63356,7.2
8,2025-05-26,168,1.49386,166.50614,2.90913,12.6
9,2025-05-26,144,2.86158,141.13842,9.9722,10.8
10,2025-05-26,120,5.38314,114.61686,20.7788,9.0
11,2025-05-26,120,2.39211,117.60789,4.57393,9.0
12,2025-05-26,72,0.57205,71.42795,19.60363,5.4
13,2025-05-26,72,2.56045,69.43955,8.14727,5.4
14,2025-05-26,120,5.57277,114.42723,26.95987,9.0
15,2025-05-26,72,0.73061,71.26939,21.88909,5.4
16,2025-05-26,192,8.47328,183.52672,12.50445,14.4
17,2025-05-26,192,0.0213,191.9787,66.18911,14.4
18,2025-05-26,96,0.33231,95.66769,32.44825,7.2
19,2025-05-26,120,0.19841,119.80159,18.07871,9.0
20,2025-05-26,168,2.97055,165.02945,7.53596,12.6
21,2025-05-26,96,0.8428,95.1572,3.28478,7.2
22,2025-05-26,96,0.16127,95.83873,4.1042,7.2
23,2025-05-26,120,0.18273,119.81727,5.7512,9.0
24,2025-05-26,96,0.36946,95.63054,5.31816,7.2
1,2025-05-27,72,0.22684,71.77316,4.47403,5.4
2,2025-05-27,144,0.14964,143.85036,38.38978,10.8
3,2025-05-27,192,0.57313,191.42687,10.6509,14.4
4,2025-05-27,120,0.16425,119.83575,28.48405,9.0
5,2025-05-27,168,0.32226,167.67774,9.90416,12.6
6,2025-05-27,144,0.15238,143.84762,8.72728,10.8
7,2025-05-27,96,1.45342,94.54658,15.73413,7.2
8,2025-05-27,168,1.96376,166.03624,6.81493,12.6
9,2025-05-27,144,4.49666,139.50334,10.26002,10.8
10,2025-05-27,120,0.94966,119.05034,14.26182,9.0
11,2025-05-27,120,0.46095,119.53905,6.54144,9.0
12,2025-05-27,72,0.76384,71.23616,8.39698,5.4
13,2025-05-27,72,0.21801,71.78199,9.27102,5.4
14,2025-05-27,120,4.99452,115.00548,20.78826,9.0
15,2025-05-27,72,1.20504,70.79496,20.37955,5.4
16,2025-05-27,192,4.30395,187.69605,12.551,14.4
17,2025-05-27,192,0.31644,191.68356,66.86158,14.4
18,2025-05-27,96,0.34884,95.65116,21.25444,7.2
19,2025-05-27,120,1.52133,118.47867,9.74436,9.0
20,2025-05-27,168,0.72295,167.27705,3.57967,12.6
21,2025-05-27,96,0.91462,95.08538,0.89861,7.2
22,2025-05-27,96,2.55785,93.44215,1.87177,7.2
23,2025-05-27,120,2.73145,117.26855,2.57592,9.0
24,2025-05-27,96,1.56492,94.43508,7.80408,7.2
1,2025-05-28,72,0.01891,71.98109,5.37935,5.4
2,2025-05-28,144,3.8024,140.1976,15.45188,10.8
3,2025-05-28,192,0.39537,191.60463,11.1667,14.4
4,2025-05-28,120,0.59881,119.40119,25.34879,9.0
5,2025-05-28,168,0.00091,167.99909,11.54567,12.6
6,2025-05-28,144,2.55481,141.44519,9.64813,10.8
7,2025-05-28,96,1.33303,94.66697,4.68914,7.2
8,2025-05-28,168,0.23847,167.76153,4.75156,12.6
9,2025-05-28,144,0.28256,143.71744,2.83845,10.8
10,2025-05-28,120,0.06774,119.93226,14.25188,9.0
11,2025-05-28,120,0.30014,119.69986,4.54557,9.0
12,2025-05-28,72,3.26076,68.73924,7.63892,5.4
13,2025-05-28,72,4.39181,67.60819,8.90001,5.4
14,2025-05-28,120,0.22494,119.77506,25.52671,9.0
15,2025-05-28,72,1.92119,70.07881,9.77652,5.4
16,2025-05-28,192,0.88426,191.11574,9.26758,14.4
17,2025-05-28,192,0.16014,191.83986,33.73945,14.4
18,2025-05-28,96,0.65387,95.34613,30.33875,7.2
19,2025-05-28,120,0.07852,119.92148,8.9926,9.0
20,2025-05-28,168,3.76439,164.23561,2.9071,12.6
21,2025-05-28,96,0.09243,95.90757,1.34593,7.2
22,2025-05-28,96,0.09455,95.90545,5.17013,7.2
23,2025-05-28,120,1.01403,118.98597,5.61534,9.0
24,2025-05-28,96,0.82006,95.17994,14.45613,7.2
1,2025-05-29,72,0.69439,71.30561,5.33979,5.4
2,2025-05-29,144,0.1726,143.8274,24.69342,10.8
3,2025-05-29,192,0.56865,191.43135,7.83723,14.4
4,2025-05-29,120,1.01209,118.98791,21.14483,9.0
5,2025-05-29,168,0.87922,167.12078,14.24623,12.6
6,2025-05-29,144,0.94795,143.05205,6.06968,10.8
7,2025-05-29,96,0.41449,95.58551,18.42118,7.2
8,2025-05-29,168,0.77939,167.22061,6.1975,12.6
9,2025-05-29,144,0.48064,143.51936,11.20352,10.8
10,2025-05-29,120,2.53283,117.46717,24.34044,9.0
11,2025-05-29,120,0.39555,119.60445,7.41937,9.0
12,2025-05-29,72,4.85379,67.14621,6.96217,5.4
13,2025-05-29,72,5.7799,66.2201,4.34606,5.4
14,2025-05-29,120,0.20389,119.79611,41.08591,9.0
15,2025-05-29,72,1.93179,70.06821,20.85484,5.4
16,2025-05-29,192,7.21898,184.78102,11.1274,14.4
17,2025-05-29,192,0.06889,191.93111,62.91774,14.4
18,2025-05-29,96,0.1056,95.8944,30.14882,7.2
19,2025-05-29,120,0.01244,119.98756,14.63911,9.0
20,2025-05-29,168,0.32452,167.67548,3.69122,12.6
21,2025-05-29,96,3.36787,92.63213,2.44975,7.2
22,2025-05-29,96,3.43245,92.56755,4.40228,7.2
23,2025-05-29,120,2.65736,117.34264,3.0644,9.0
24,2025-05-29,96,0.53552,95.46448,9.30395,7.2
1,2025-05-30,72,0.00921,71.99079,7.24581,5.4
2,2025-05-30,144,3.62969,140.37031,37.80913,10.8
3,2025-05-30,192,0.91305,191.08695,12.12668,14.4
4,2025-05-30,120,1.30549,118.69451,30.48616,9.0
5,2025-05-30,168,0.71324,167.28676,7.74657,12.6
6,2025-05-30,144,0.04606,143.95394,6.70201,10.8
7,2025-05-30,96,4.2283,91.7717,5.05082,7.2
8,2025-05-30,168,0.87011,167.12989,3.14471,12.6
9,2025-05-30,144,0.3305,143.6695,9.87558,10.8
10,2025-05-30,120,0.39847,119.60153,16.70282,9.0
11,2025-05-30,120,0.3339,119.6661,9.58262,9.0
12,2025-05-30,72,1.00424,70.99576,16.06954,5.4
13,2025-05-30,72,1.75618,70.24382,5.53918,5.4
14,2025-05-30,120,0.9139,119.0861,38.38857,9.0
15,2025-05-30,72,1.2161,70.7839,13.81363,5.4
16,2025-05-30,192,1.26748,190.73252,14.76078,14.4
17,2025-05-30,192,0.83832,191.16168,41.34836,14.4
18,2025-05-30,96,5.4247,90.5753,15.92746,7.2
19,2025-05-30,120,3.11721,116.88279,13.32908,9.0
20,2025-05-30,168,0.06161,167.93839,3.2763,12.6
21,2025-05-30,96,0.32379,95.67621,2.4387,7.2
22,2025-05-30,96,1.06793,94.93207,3.47182,7.2
23,2025-05-30,120,2.27814,117.72186,8.81748,9.0
24,2025-05-30,96,0.02905,95.97095,4.7535,7.2
1,2025-05-31,72,0.04166,71.95834,2.79097,5.4
2,2025-05-31,144,3.742,140.258,30.5474,10.8
3,2025-05-31,192,1.28798,190.71202,9.90117,14.4
4,2025-05-31,120,0.01043,119.98957,19.25247,9.0
5,2025-05-31,168,0.62332,167.37668,11.56319,12.6
6,2025-05-31,144,0.46764,143.53236,5.65191,10.8
7,2025-05-31,96,0.08457,95.91543,10.05764,7.2
8,2025-05-31,168,0.0016,167.9984,2.45705,12.6
9,2025-05-31,144,0.83645,143.16355,7.43216,10.8
10,2025-05-31,120,1.07593,118.92407,12.32283,9.0
11,2025-05-31,120,0.35437,119.64563,5.6228,9.0
12,2025-05-31,72,5.47934,66.52066,15.08792,5.4
13,2025-05-31,72,0.6816,71.3184,13.14037,5.4
14,2025-05-31,120,0.64236,119.35764,29.97695,9.0
15,2025-05-31,72,2.26317,69.73683,10.81777,5.4
16,2025-05-31,192,0.37784,191.62216,18.10433,14.4
17,2025-05-31,192,2.59384,189.40616,64.35847,14.4
18,2025-05-31,96,3.03907,92.96093,14.4753,7.2
19,2025-05-31,120,0.06962,119.93038,12.14256,9.0
20,2025-05-31,168,0.73861,167.26139,1.37965,12.6
21,2025-05-31,96,0.05131,95.94869,2.01786,7.2
22,2025-05-31,96,0.08521,95.91479,4.4035,7.2
23,2025-05-31,120,0.09364,119.90636,4.16443,9.0
24,2025-05-31,96,0.24969,95.75031,11.5409,7.2
1,2025-06-01,72,0.05203,71.94797,4.11298,5.4
2,2025-06-01,144,1.19622,142.80378,29.32301,10.8
3,2025-06-01,192,1.0518,190.9482,11.45585,14.4
4,2025-06-01,120,1.36722,118.63278,47.11566,9.0
5,2025-06-01,168,0.47593,167.52407,7.39215,12.6
6,2025-06-01,144,0.771,143.229,13.63737,10.8
7,2025-06-01,96,2.45743,93.54257,7.24385,7.2
8,2025-06-01,168,6.94449,161.05551,7.57732,12.6
9,2025-06-01,144,0.66788,143.33212,9.78734,10.8
10,2025-06-01,120,3.21368,116.78632,19.96395,9.0
11,2025-06-01,120,2.5036,117.4964,5.9998,9.0
12,2025-06-01,72,0.28842,71.71158,6.95517,5.4
13,2025-06-01,72,1.88852,70.11148,8.98035,5.4
14,2025-06-01,120,0.24707,119.75293,44.91347,9.0
15,2025-06-01,72,5.75056,66.24944,25.42478,5.4
16,2025-06-01,192,0.0926,191.9074,13.15507,14.4
17,2025-06-01,192,1.50528,190.49472,48.97003,14.4
18,2025-06-01,96,3.81958,92.18042,18.07812,7.2
19,2025-06-01,120,0.00466,119.99534,14.7386,9.0
20,2025-06-01,168,0.81679,167.18321,4.6173,12.6
21,2025-06-01,96,0.62717,95.37283,2.98169,7.2
22,2025-06-01,96,0.25434,95.74566,2.73577,7.2
23,2025-06-01,120,0.19667,119.80333,2.36759,9.0
24,2025-06-01,96,2.99868,93.00132,13.51567,7.2
1,2025-06-02,72,1.01787,70.98213,4.39629,5.4
2,2025-06-02,144,1.29957,142.70043,30.20602,10.8
3,2025-06-02,192,0.0004,191.9996,11.99238,14.4
4,2025-06-02,120,1.22389,118.77611,28.9552,9.0
5,2025-06-02,168,0.15897,167.84103,7.74465,12.6
6,2025-06-02,144,0.84927,143.15073,9.47682,10.8
7,2025-06-02,96,0.10709,95.89291,8.74483,7.2
8,2025-06-02,168,0.00604,167.99396,5.45811,12.6
9,2025-06-02,144,1.26572,142.73428,9.25812,10.8
10,2025-06-02,120,2.65614,117.34386,14.75675,9.0
11,2025-06-02,120,1.86409,118.13591,7.03547,9.0
12,2025-06-02,72,3.15597,68.84403,7.2552,5.4
13,2025-06-02,72,1.24445,70.75555,6.12497,5.4
14,2025-06-02,120,0.89353,119.10647,29.0003,9.0
15,2025-06-02,72,0.67383,71.32617,8.90279,5.4
16,2025-06-02,192,1.47741,190.52259,16.76863,14.4
17,2025-06-02,192,0.0257,191.9743,46.45781,14.4
18,2025-06-02,96,6.59894,89.40106,25.67634,7.2
19,2025-06-02,120,0.73502,119.26498,9.53711,9.0
20,2025-06-02,168,0.28307,167.71693,5.20913,12.6
21,2025-06-02,96,0.01817,95.98183,3.88063,7.2
22,2025-06-02,96,0.53973,95.46027,3.52266,7.2
23,2025-06-02,120,0.06851,119.93149,5.21893,9.0
24,2025-06-02,96,3.52005,92.47995,8.48173,7.2
1,2025-06-03,72,0.35039,71.64961,3.41657,5.4
2,2025-06-03,144,1.77507,142.22493,34.99413,10.8
3,2025-06-03,192,2.10328,189.89672,10.96212,14.4
4,2025-06-03,120,0.82906,119.17094,37.88615,9.0
5,2025-06-03,168,0.13802,167.86198,11.74628,12.6
6,2025-06-03,144,0.03669,143.96331,6.91547,10.8
7,2025-06-03,96,3.17403,92.82597,12.43751,7.2
8,2025-06-03,168,0.23805,167.76195,6.76133,12.6
9,2025-06-03,144,2.04401,141.95599,6.42861,10.8
10,2025-06-03,120,1.08425,118.91575,4.35011,9.0
11,2025-06-03,120,2.3025,117.6975,7.89979,9.0
12,2025-06-03,72,0.20842,71.79158,6.51288,5.4
13,2025-06-03,72,0.17578,71.82422,12.01846,5.4
14,2025-06-03,120,0.76484,119.23516,32.18444,9.0
15,2025-06-03,72,0.37061,71.62939,19.02249,5.4
16,2025-06-03,192,1.9667,190.0333,13.52436,14.4
17,2025-06-03,192,5.99698,186.00302,50.70599,14.4
18,2025-06-03,96,1.15984,94.84016,21.90742,7.2
19,2025-06-03,120,1.16527,118.83473,8.15549,9.0
20,2025-06-03,168,0.18417,167.81583,4.72462,12.6
21,2025-06-03,96,2.11424,93.88576,1.2176,7.2
22,2025-06-03,96,3.00227,92.99773,4.61796,7.2
23,2025-06-03,120,0.16036,119.83964,3.79113,9.0
24,2025-06-03,96,1.59483,94.40517,13.912,7.2
1,2025-06-04,72,0.7943,71.2057,5.1268,5.4
2,2025-06-04,144,0.14164,143.85836,26.48139,10.8
3,2025-06-04,192,2.80148,189.19852,12.64533,14.4
4,2025-06-04,120,0.64481,119.35519,28.7962,9.0
5,2025-06-04,168,1.53132,166.46868,8.66649,12.6
6,2025-06-04,144,1.88628,142.11372,7.80462,10.8
7,2025-06-04,96,1.72289,94.27711,17.08594,7.2
8,2025-06-04,168,0.70782,167.29218,5.87868,12.6
9,2025-06-04,144,0.7264,143.2736,6.66861,10.8
10,2025-06-04,120,1.56028,118.43972,9.85364,9.0
11,2025-06-04,120,0.6366,119.3634,6.91234,9.0
12,2025-06-04,72,0.00012,71.99988,10.5249,5.4
13,2025-06-04,72,1.76623,70.23377,7.26604,5.4
14,2025-06-04,120,0.00825,119.99175,26.91138,9.0
15,2025-06-04,72,0.28399,71.71601,18.88949,5.4
16,2025-06-04,192,9.64887,182.35113,12.47555,14.4
17,2025-06-04,192,3.80982,188.19018,33.13637,14.4
18,2025-06-04,96,0.60044,95.39956,39.13059,7.2
19,2025-06-04,120,0.05363,119.94637,2.39569,9.0
20,2025-06-04,168,0.1322,167.8678,3.53994,12.6
21,2025-06-04,96,0.58248,95.41752,1.42599,7.2
22,2025-06-04,96,2.71521,93.28479,4.38833,7.2
23,2025-06-04,120,1.98783,118.01217,3.62334,9.0
24,2025-06-04,96,0.12681,95.87319,7.74615,7.2
1,2025-06-05,72,2.24725,69.75275,2.17677,5.4
2,2025-06-05,144,0.0805,143.9195,28.61931,10.8
3,2025-06-05,192,0.38099,191.61901,9.30805,14.4
4,2025-06-05,120,0.44588,119.55412,26.77675,9.0
5,2025-06-05,168,0.51116,167.48884,10.20709,12.6
6,2025-06-05,144,1.4194,142.5806,6.54825,10.8
7,2025-06-05,96,0.05049,95.94951,5.04206,7.2
8,2025-06-05,168,0.79154,167.20846,5.73922,12.6
9,2025-06-05,144,0.52534,143.47466,3.85646,10.8
10,2025-06-05,120,0.91673,119.08327,9.09686,9.0
11,2025-06-05,120,1.54369,118.45631,5.78227,9.0
12,2025-06-05,72,0.10342,71.89658,6.05922,5.4
13,2025-06-05,72,0.34481,71.65519,14.0385,5.4
14,2025-06-05,120,3.61971,116.38029,35.24102,9.0
15,2025-06-05,72,7.71456,64.28544,26.2582,5.4
16,2025-06-05,192,2.49417,189.50583,12.89554,14.4
17,2025-06-05,192,2.09803,189.90197,49.59761,14.4
18,2025-06-05,96,3.63311,92.36689,20.3908,7.2
19,2025-06-05,120,2.58017,117.41983,8.33769,9.0
20,2025-06-05,168,3.08827,164.91173,5.60489,12.6
21,2025-06-05,96,1.94579,94.05421,3.10959,7.2
22,2025-06-05,96,3.4109,92.5891,3.03394,7.2
23,2025-06-05,120,0.06593,119.93407,5.16631,9.0
24,2025-06-05,96,0.01527,95.98473,0.97321,7.2
1,2025-06-06,72,0.19509,71.80491,3.58431,5.4
2,2025-06-06,144,0.00065,143.99935,30.36425,10.8
3,2025-06-06,192,0.13687,191.86313,7.84973,14.4
4,2025-06-06,120,0.23339,119.76661,44.62531,9.0
5,2025-06-06,168,3.24906,164.75094,11.06835,12.6
6,2025-06-06,144,5.00759,138.99241,7.63358,10.8
7,2025-06-06,96,1.02305,94.97695,15.87753,7.2
8,2025-06-06,168,0.22757,167.77243,4.56954,12.6
9,2025-06-06,144,0.26792,143.73208,9.09888,10.8
10,2025-06-06,120,0.8394,119.1606,21.81529,9.0
11,2025-06-06,120,0.2699,119.7301,7.31288,9.0
12,2025-06-06,72,0.77823,71.22177,9.19807,5.4
13,2025-06-06,72,0.45748,71.54252,12.0826,5.4
14,2025-06-06,120,2e-05,119.99998,24.80767,9.0
15,2025-06-06,72,4.73151,67.26849,7.16276,5.4
16,2025-06-06,192,12.00282,179.99718,14.72173,14.4
17,2025-06-06,192,3.49131,188.50869,49.26971,14.4
18,2025-06-06,96,1.39974,94.60026,13.24432,7.2
19,2025-06-06,120,0.04426,119.95574,18.67561,9.0
20,2025-06-06,168,0.12775,167.87225,4.56067,12.6
21,2025-06-06,96,1.64639,94.35361,4.28843,7.2
22,2025-06-06,96,0.06774,95.93226,1.75087,7.2
23,2025-06-06,120,0.07736,119.92264,5.7304,9.0
24,2025-06-06,96,0.16698,95.83302,13.83065,7.2
1,2025-06-07,72,0.67673,71.32327,3.88126,5.4
2,2025-06-07,144,0.81753,143.18247,29.1412,10.8
3,2025-06-07,192,0.15086,191.84914,9.18641,14.4
4,2025-06-07,120,2e-05,119.99998,17.28267,9.0
5,2025-06-07,168,0.10221,167.89779,10.66017,12.6
6,2025-06-07,144,2.69014,141.30986,9.67581,10.8
7,2025-06-07,96,0.02303,95.97697,16.15577,7.2
8,2025-06-07,168,2.59219,165.40781,5.87514,12.6
9,2025-06-07,144,0.00376,143.99624,10.89326,10.8
10,2025-06-07,120,0.28948,119.71052,19.77568,9.0
11,2025-06-07,120,0.14071,119.85929,9.13047,9.0
12,2025-06-07,72,0.10991,71.89009,7.45154,5.4
13,2025-06-07,72,0.0087,71.9913,7.77997,5.4
14,2025-06-07,120,4.42454,115.57546,35.35817,9.0
15,2025-06-07,72,4.80831,67.19169,11.59156,5.4
16,2025-06-07,192,2.47415,189.52585,15.95257,14.4
17,2025-06-07,192,1.85511,190.14489,62.43678,14.4
18,2025-06-07,96,1.0326,94.9674,36.3968,7.2
19,2025-06-07,120,0.16165,119.83835,8.84755,9.0
20,2025-06-07,168,3.24796,164.75204,4.97618,12.6
21,2025-06-07,96,0.61314,95.38686,3.3764,7.2
22,2025-06-07,96,1.69955,94.30045,2.98055,7.2
23,2025-06-07,120,3.68653,116.31347,5.53957,9.0
24,2025-06-07,96,0.32632,95.67368,9.15235,7.2
1,2025-06-08,72,0.69302,71.30698,3.45559,5.4
2,2025-06-08,144,0.09182,143.90818,24.4154,10.8
3,2025-06-08,192,0.05925,191.94075,10.50451,14.4
4,2025-06-08,120,1.93157,118.06843,38.98621,9.0
5,2025-06-08,168,0.95425,167.04575,7.77178,12.6
6,2025-06-08,144,0.24816,143.75184,5.96205,10.8
7,2025-06-08,96,1.8424,94.1576,3.73278,7.2
8,2025-06-08,168,0.00584,167.99416,5.41512,12.6
9,2025-06-08,144,3.10321,140.89679,3.40381,10.8
10,2025-06-08,120,0.14717,119.85283,13.87282,9.0
11,2025-06-08,120,8.59061,111.40939,5.14539,9.0
12,2025-06-08,72,3.5515,68.4485,10.10512,5.4
13,2025-06-08,72,0.30652,71.69348,4.89287,5.4
14,2025-06-08,120,0.09575,119.90425,29.31726,9.0
15,2025-06-08,72,2.51769,69.48231,21.50905,5.4
16,2025-06-08,192,0.0047,191.9953,11.93631,14.4
17,2025-06-08,192,0.0169,191.9831,51.62177,14.4
18,2025-06-08,96,8.24727,87.75273,30.85877,7.2
19,2025-06-08,120,0.48721,119.51279,6.06042,9.0
20,2025-06-08,168,2.14862,165.85138,3.81281,12.6
21,2025-06-08,96,0.83855,95.16145,0.68223,7.2
22,2025-06-08,96,0.44966,95.55034,3.66966,7.2
23,2025-06-08,120,0.61061,119.38939,4.39502,9.0
24,2025-06-08,96,0.20813,95.79187,3.79887,7.2
1,2025-06-09,72,0.50353,71.49647,2.8599,5.4
2,2025-06-09,144,1.19302,142.80698,36.04465,10.8
3,2025-06-09,192,0.00559,191.99441,7.51641,14.4
4,2025-06-09,120,2.73947,117.26053,31.49917,9.0
5,2025-06-09,168,0.04364,167.95636,12.40408,12.6
6,2025-06-09,144,0.08543,143.91457,8.37412,10.8
7,2025-06-09,96,1.50107,94.49893,17.46632,7.2
8,2025-06-09,168,0.00647,167.99353,4.35708,12.6
9,2025-06-09,144,0.03132,143.96868,10.35067,10.8
10,2025-06-09,120,0.99671,119.00329,11.21501,9.0
11,2025-06-09,120,0.54688,119.45312,4.88585,9.0
12,2025-06-09,72,1.97074,70.02926,17.03072,5.4
13,2025-06-09,72,0.81445,71.18555,6.71922,5.4
14,2025-06-09,120,2.0204,117.9796,19.46775,9.0
15,2025-06-09,72,1.00299,70.99701,20.23199,5.4
16,2025-06-09,192,0.5046,191.4954,8.38261,14.4
17,2025-06-09,192,2.99647,189.00353,38.18589,14.4
18,2025-06-09,96,3.27984,92.72016,32.17903,7.2
19,2025-06-09,120,2.60351,117.39649,11.4756,9.0
20,2025-06-09,168,1.07,166.93,7.27077,12.6
21,2025-06-09,96,1.58358,94.41642,2.39372,7.2
22,2025-06-09,96,2.90157,93.09843,6.26928,7.2
23,2025-06-09,120,0.91256,119.08744,2.50001,9.0
24,2025-06-09,96,2.27294,93.72706,9.75042,7.2
1,2025-06-10,72,0.00275,71.99725,2.61699,5.4
2,2025-06-10,144,0.23693,143.76307,33.444,10.8
3,2025-06-10,192,1.16048,190.83952,6.62348,14.4
4,2025-06-10,120,0.88202,119.11798,22.40822,9.0
5,2025-06-10,168,2.67219,165.32781,8.14254,12.6
6,2025-06-10,144,0.02049,143.97951,8.427,10.8
7,2025-06-10,96,0.00136,95.99864,9.61081,7.2
8,2025-06-10,168,0.37524,167.62476,5.52441,12.6
9,2025-06-10,144,1.26184,142.73816,10.7286,10.8
10,2025-06-10,120,1.77025,118.22975,17.61912,9.0
11,2025-06-10,120,0.15576,119.84424,5.79864,9.0
12,2025-06-10,72,0.28404,71.71596,3.79065,5.4
13,2025-06-10,72,0.00077,71.99923,10.23132,5.4
14,2025-06-10,120,4.01818,115.98182,25.83854,9.0
15,2025-06-10,72,2.20193,69.79807,19.0856,5.4
16,2025-06-10,192,1.37797,190.62203,11.45207,14.4
17,2025-06-10,192,9.48853,182.51147,43.27903,14.4
18,2025-06-10,96,1.72486,94.27514,22.75295,7.2
19,2025-06-10,120,6.78492,113.21508,19.0475,9.0
20,2025-06-10,168,0.02145,167.97855,6.48949,12.6
21,2025-06-10,96,0.799,95.201,1.72469,7.2
22,2025-06-10,96,0.35064,95.64936,8.92502,7.2
23,2025-06-10,120,1.04909,118.95091,5.44652,9.0
24,2025-06-10,96,0.06507,95.93493,2.01668,7.2
1,2025-06-11,72,3.74832,68.25168,4.1371,5.4
2,2025-06-11,144,1.63192,142.36808,38.62874,10.8
3,2025-06-11,192,0.04479,191.95521,12.06478,14.4
4,2025-06-11,120,0.02376,119.97624,24.67391,9.0
5,2025-06-11,168,0.00117,167.99883,4.40888,12.6
6,2025-06-11,144,0.42486,143.57514,4.91749,10.8
7,2025-06-11,96,1.15222,94.84778,9.9308,7.2
8,2025-06-11,168,0.96158,167.03842,11.08154,12.6
9,2025-06-11,144,0.00015,143.99985,7.80915,10.8
10,2025-06-11,120,0.14643,119.85357,16.48498,9.0
11,2025-06-11,120,1.41874,118.58126,7.14637,9.0
12,2025-06-11,72,0.02928,71.97072,11.9003,5.4
13,2025-06-11,72,0.09117,71.90883,5.88839,5.4
14,2025-06-11,120,0.05428,119.94572,43.36499,9.0
15,2025-06-11,72,0.88074,71.11926,25.18908,5.4
16,2025-06-11,192,1.98881,190.01119,15.84184,14.4
17,2025-06-11,192,1.79075,190.20925,60.02333,14.4
18,2025-06-11,96,0.67794,95.32206,23.89901,7.2
19,2025-06-11,120,2.40629,117.59371,6.66041,9.0
20,2025-06-11,168,0.58978,167.41022,4.74608,12.6
21,2025-06-11,96,0.01551,95.98449,3.10682,7.2
22,2025-06-11,96,0.03985,95.96015,3.77974,7.2
23,2025-06-11,120,3.01144,116.98856,4.01474,9.0
24,2025-06-11,96,0.7209,95.2791,12.1007,7.2
1,2025-06-12,72,2.0801,69.9199,0.9771,5.4
2,2025-06-12,144,3.74132,140.25868,27.02609,10.8
3,2025-06-12,192,0.91178,191.08822,11.75112,14.4
4,2025-06-12,120,0.62521,119.37479,33.01703,9.0
5,2025-06-12,168,0.18584,167.81416,3.94229,12.6
6,2025-06-12,144,0.43113,143.56887,4.45586,10.8
7,2025-06-12,96,0.21647,95.78353,4.32565,7.2
8,2025-06-12,168,0.81979,167.18021,6.02494,12.6
9,2025-06-12,144,0.09079,143.90921,8.76759,10.8
10,2025-06-12,120,6.79271,113.20729,14.36077,9.0
11,2025-06-12,120,0.47418,119.52582,10.07143,9.0
12,2025-06-12,72,0.02023,71.97977,6.90385,5.4
13,2025-06-12,72,4.36781,67.63219,6.75309,5.4
14,2025-06-12,120,0.05857,119.94143,19.61759,9.0
15,2025-06-12,72,0.90013,71.09987,14.78597,5.4
16,2025-06-12,192,1.17514,190.82486,11.89958,14.4
17,2025-06-12,192,2.38498,189.61502,56.41668,14.4
18,2025-06-12,96,1.17532,94.82468,22.13903,7.2
19,2025-06-12,120,0.00503,119.99497,7.21085,9.0
20,2025-06-12,168,0.63642,167.36358,4.35223,12.6
21,2025-06-12,96,4.84377,91.15623,0.55481,7.2
22,2025-06-12,96,4.8558,91.1442,3.19876,7.2
23,2025-06-12,120,0.23922,119.76078,6.20445,9.0
24,2025-06-12,96,0.31634,95.68366,4.67879,7.2
1,2025-06-13,72,2.15741,69.84259,3.83496,5.4
2,2025-06-13,144,0.80269,143.19731,25.40847,10.8
3,2025-06-13,192,0.20429,191.79571,9.84099,14.4
4,2025-06-13,120,1.71332,118.28668,20.0504,9.0
5,2025-06-13,168,1.07609,166.92391,12.51934,12.6
6,2025-06-13,144,0.55189,143.44811,6.05208,10.8
7,2025-06-13,96,2.89551,93.10449,6.04032,7.2
8,2025-06-13,168,0.26186,167.73814,7.34337,12.6
9,2025-06-13,144,1.45657,142.54343,7.47132,10.8
10,2025-06-13,120,3.48485,116.51515,8.26443,9.0
11,2025-06-13,120,1.53958,118.46042,7.44087,9.0
12,2025-06-13,72,0.00373,71.99627,9.04764,5.4
13,2025-06-13,72,0.07101,71.92899,5.2763,5.4
14,2025-06-13,120,0.11298,119.88702,40.55404,9.0
15,2025-06-13,72,0.18067,71.81933,5.00595,5.4
16,2025-06-13,192,0.22246,191.77754,12.68069,14.4
17,2025-06-13,192,0.27258,191.72742,34.9903,14.4
18,2025-06-13,96,0.37014,95.62986,18.48291,7.2
19,2025-06-13,120,0.12575,119.87425,15.12783,9.0
20,2025-06-13,168,0.01323,167.98677,3.48459,12.6
21,2025-06-13,96,0.00425,95.99575,2.16979,7.2
22,2025-06-13,96,0.1153,95.8847,5.08644,7.2
23,2025-06-13,120,0.47375,119.52625,4.7638,9.0
24,2025-06-13,96,0.01399,95.98601,5.50195,7.2
1,2025-06-14,72,0.49435,71.50565,3.29245,5.4
2,2025-06-14,144,3.59906,140.40094,38.05639,10.8
3,2025-06-14,192,0.68685,191.31315,7.19819,14.4
4,2025-06-14,120,1.74711,118.25289,22.28719,9.0
5,2025-06-14,168,0.27559,167.72441,9.96029,12.6
6,2025-06-14,144,3.26944,140.73056,7.07462,10.8
7,2025-06-14,96,4.32266,91.67734,11.71523,7.2
8,2025-06-14,168,7.18774,160.81226,5.7774,12.6
9,2025-06-14,144,2.32051,141.67949,8.23999,10.8
10,2025-06-14,120,0.00602,119.99398,17.85365,9.0
11,2025-06-14,120,1.30366,118.69634,3.62522,9.0
12,2025-06-14,72,0.07838,71.92162,8.08582,5.4
13,2025-06-14,72,0.07131,71.92869,5.77363,5.4
14,2025-06-14,120,3.40507,116.59493,24.54655,9.0
15,2025-06-14,72,0.4314,71.5686,20.55727,5.4
16,2025-06-14,192,0.01223,191.98777,11.62559,14.4
17,2025-06-14,192,0.6964,191.3036,45.36139,14.4
18,2025-06-14,96,1.28091,94.71909,25.21662,7.2
19,2025-06-14,120,0.01877,119.98123,6.77878,9.0
20,2025-06-14,168,0.07269,167.92731,3.34066,12.6
21,2025-06-14,96,2.7141,93.2859,3.275,7.2
22,2025-06-14,96,0.00394,95.99606,4.13272,7.2
23,2025-06-14,120,0.23105,119.76895,2.73391,9.0
24,2025-06-14,96,0.00123,95.99877,8.50507,7.2
1,2025-06-15,72,0.64855,71.35145,1.09349,5.4
2,2025-06-15,144,0.21931,143.78069,35.0797,10.8
3,2025-06-15,192,1.68972,190.31028,10.81063,14.4
4,2025-06-15,120,0.45031,119.54969,32.87317,9.0
5,2025-06-15,168,0.27334,167.72666,6.6356,12.6
6,2025-06-15,144,0.00659,143.99341,5.34548,10.8
7,2025-06-15,96,0.29665,95.70335,14.00877,7.2
8,2025-06-15,168,1.72569,166.27431,3.77124,12.6
9,2025-06-15,144,0.82182,143.17818,14.79771,10.8
10,2025-06-15,120,3.6213,116.3787,12.32515,9.0
11,2025-06-15,120,0.38244,119.61756,5.94949,9.0
12,2025-06-15,72,0.11469,71.88531,6.2289,5.4
13,2025-06-15,72,2.62691,69.37309,7.13725,5.4
14,2025-06-15,120,1.73748,118.26252,17.27698,9.0
15,2025-06-15,72,2.56113,69.43887,25.38468,5.4
16,2025-06-15,192,0.45928,191.54072,13.05489,14.4
17,2025-06-15,192,0.14717,191.85283,45.59725,14.4
18,2025-06-15,96,0.96787,95.03213,13.36249,7.2
19,2025-06-15,120,0.05963,119.94037,7.94384,9.0
20,2025-06-15,168,0.20616,167.79384,4.67498,12.6
21,2025-06-15,96,0.01588,95.98412,2.72684,7.2
22,2025-06-15,96,2.33088,93.66912,1.00752,7.2
23,2025-06-15,120,0.13649,119.86351,4.87888,9.0
24,2025-06-15,96,0.69373,95.30627,6.96494,7.2
1,2025-06-16,72,0.18099,71.81901,3.77115,5.4
2,2025-06-16,144,0.71584,143.28416,29.6021,10.8
3,2025-06-16,192,1.09708,190.90292,10.13199,14.4
4,2025-06-16,120,0.08189,119.91811,22.9772,9.0
5,2025-06-16,168,0.01148,167.98852,10.39755,12.6
6,2025-06-16,144,2.46701,141.53299,7.76787,10.8
7,2025-06-16,96,0.13936,95.86064,13.16996,7.2
8,2025-06-16,168,0.24264,167.75736,8.03266,12.6
9,2025-06-16,144,0.48076,143.51924,5.26262,10.8
10,2025-06-16,120,0.06794,119.93206,12.85173,9.0
11,2025-06-16,120,2.1257,117.8743,5.05856,9.0
12,2025-06-16,72,2.46476,69.53524,7.48764,5.4
13,2025-06-16,72,1.68133,70.31867,13.11913,5.4
14,2025-06-16,120,5.14131,114.85869,26.45861,9.0
15,2025-06-16,72,0.65079,71.34921,19.37545,5.4
16,2025-06-16,192,11.96654,180.03346,10.96454,14.4
17,2025-06-16,192,0.00623,191.99377,37.32824,14.4
18,2025-06-16,96,0.45361,95.54639,21.75209,7.2
19,2025-06-16,120,0.40498,119.59502,15.01407,9.0
20,2025-06-16,168,0.52029,167.47971,3.8829,12.6
21,2025-06-16,96,3.55789,92.44211,2.59671,7.2
22,2025-06-16,96,0.10972,95.89028,6.30934,7.2
23,2025-06-16,120,0.45078,119.54922,6.66554,9.0
24,2025-06-16,96,3.94254,92.05746,10.33052,7.2
1,2025-06-17,72,0.02307,71.97693,4.24741,5.4
2,2025-06-17,144,0.35829,143.64171,18.34671,10.8
3,2025-06-17,192,2.01872,189.98128,9.3529,14.4
4,2025-06-17,120,0.57437,119.42563,23.72754,9.0
5,2025-06-17,168,0.14485,167.85515,9.96134,12.6
6,2025-06-17,144,5.59007,138.40993,8.37905,10.8
7,2025-06-17,96,0.09741,95.90259,15.02227,7.2
8,2025-06-17,168,3.5032,164.4968,4.72575,12.6
9,2025-06-17,144,0.20943,143.79057,5.50333,10.8
10,2025-06-17,120,0.07631,119.92369,14.32696,9.0
11,2025-06-17,120,0.67479,119.32521,2.61644,9.0
12,2025-06-17,72,0.37415,71.62585,11.17706,5.4
13,2025-06-17,72,2.61654,69.38346,3.45731,5.4
14,2025-06-17,120,3.34358,116.65642,29.29387,9.0
15,2025-06-17,72,0.04694,71.95306,13.29615,5.4
16,2025-06-17,192,3.15333,188.84667,7.80195,14.4
17,2025-06-17,192,3.35646,188.64354,49.85273,14.4
18,2025-06-17,96,0.34913,95.65087,15.77817,7.2
19,2025-06-17,120,0.56366,119.43634,15.68385,9.0
20,2025-06-17,168,1.08823,166.91177,4.55552,12.6
21,2025-06-17,96,0.30858,95.69142,2.42519,7.2
22,2025-06-17,96,0.85484,95.14516,3.23675,7.2
23,2025-06-17,120,0.39401,119.60599,2.09185,9.0
24,2025-06-17,96,0.00233,95.99767,7.84835,7.2
1,2025-06-18,72,2.47289,69.52711,7.86433,5.4
2,2025-06-18,144,0.10542,143.89458,42.78513,10.8
3,2025-06-18,192,0.32885,191.67115,8.46509,14.4
4,2025-06-18,120,0.2623,119.7377,32.23255,9.0
5,2025-06-18,168,0.02005,167.97995,7.02711,12.6
6,2025-06-18,144,3.65439,140.34561,7.39371,10.8
7,2025-06-18,96,0.01559,95.98441,12.76337,7.2
8,2025-06-18,168,0.89111,167.10889,7.09588,12.6
9,2025-06-18,144,0.31243,143.68757,8.72369,10.8
10,2025-06-18,120,0.2655,119.7345,7.45212,9.0
11,2025-06-18,120,0.21084,119.78916,4.39004,9.0
12,2025-06-18,72,0.04253,71.95747,8.64138,5.4
13,2025-06-18,72,4.13059,67.86941,5.9968,5.4
14,2025-06-18,120,1.51436,118.48564,42.20591,9.0
15,2025-06-18,72,1.71321,70.28679,7.51979,5.4
16,2025-06-18,192,0.00401,191.99599,10.58961,14.4
17,2025-06-18,192,6.46915,185.53085,54.43886,14.4
18,2025-06-18,96,9.12201,86.87799,12.77499,7.2
19,2025-06-18,120,2.04455,117.95545,8.94174,9.0
20,2025-06-18,168,4.2394,163.7606,4.08087,12.6
21,2025-06-18,96,1.8725,94.1275,3.09467,7.2
22,2025-06-18,96,0.04664,95.95336,5.58802,7.2
23,2025-06-18,120,0.351,119.649,4.55826,9.0
24,2025-06-18,96,1.03454,94.96546,3.25626,7.2
1,2025-06-19,72,0.16219,71.83781,2.61671,5.4
2,2025-06-19,144,0.00163,143.99837,24.86976,10.8
3,2025-06-19,192,0.02381,191.97619,8.23508,14.4
4,2025-06-19,120,0.07408,119.92592,32.98616,9.0
5,2025-06-19,168,2.76068,165.23932,10.07573,12.6
6,2025-06-19,144,1.57128,142.42872,3.93615,10.8
7,2025-06-19,96,0.49595,95.50405,17.4139,7.2
8,2025-06-19,168,7.35308,160.64692,4.76289,12.6
9,2025-06-19,144,0.00722,143.99278,5.62969,10.8
10,2025-06-19,120,0.05138,119.94862,10.28915,9.0
11,2025-06-19,120,2.81146,117.18854,4.02801,9.0
12,2025-06-19,72,0.64111,71.35889,12.54513,5.4
13,2025-06-19,72,0.10796,71.89204,7.10145,5.4
14,2025-06-19,120,0.96753,119.03247,31.18406,9.0
15,2025-06-19,72,1.73879,70.26121,9.77858,5.4
16,2025-06-19,192,0.20376,191.79624,12.44421,14.4
17,2025-06-19,192,0.09619,191.90381,50.73891,14.4
18,2025-06-19,96,0.10106,95.89894,16.23638,7.2
19,2025-06-19,120,0.08177,119.91823,8.88541,9.0
20,2025-06-19,168,7.8211,160.1789,2.45355,12.6
21,2025-06-19,96,2.07199,93.92801,0.39011,7.2
22,2025-06-19,96,0.09304,95.90696,1.86338,7.2
23,2025-06-19,120,0.599,119.401,5.5095,9.0
24,2025-06-19,96,0.05099,95.94901,14.30065,7.2
1,2025-06-20,72,0.36499,71.63501,3.80646,5.4
2,2025-06-20,144,0.01873,143.98127,28.11807,10.8
3,2025-06-20,192,0.71568,191.28432,9.96398,14.4
4,2025-06-20,120,0.33353,119.66647,22.50527,9.0
5,2025-06-20,168,2.15935,165.84065,8.91773,12.6
6,2025-06-20,144,0.79854,143.20146,8.43127,10.8
7,2025-06-20,96,0.12554,95.87446,8.18342,7.2
8,2025-06-20,168,1.03463,166.96537,2.308,12.6
9,2025-06-20,144,0.20412,143.79588,7.8994,10.8
10,2025-06-20,120,1.18876,118.81124,12.22535,9.0
11,2025-06-20,120,0.04341,119.95659,8.14272,9.0
12,2025-06-20,72,1.49542,70.50458,17.37431,5.4
13,2025-06-20,72,1.22369,70.77631,9.57209,5.4
14,2025-06-20,120,0.5315,119.4685,29.85408,9.0
15,2025-06-20,72,2.11695,69.88305,23.52805,5.4
16,2025-06-20,192,0.16552,191.83448,15.18527,14.4
17,2025-06-20,192,2.76245,189.23755,45.4226,14.4
18,2025-06-20,96,0.00833,95.99167,14.87776,7.2
19,2025-06-20,120,0.01055,119.98945,9.18537,9.0
20,2025-06-20,168,6.68891,161.31109,4.43572,12.6
21,2025-06-20,96,0.70568,95.29432,4.33583,7.2
22,2025-06-20,96,0.40882,95.59118,4.281,7.2
23,2025-06-20,120,0.13677,119.86323,4.46333,9.0
24,2025-06-20,96,0.15818,95.84182,17.0932,7.2
1,2025-06-21,72,0.09446,71.90554,2.43433,5.4
2,2025-06-21,144,1.13731,142.86269,27.11965,10.8
3,2025-06-21,192,0.32152,191.67848,7.63962,14.4
4,2025-06-21,120,0.47936,119.52064,20.04361,9.0
5,2025-06-21,168,0.90814,167.09186,8.74003,12.6
6,2025-06-21,144,1.85937,142.14063,7.55922,10.8
7,2025-06-21,96,0.36171,95.63829,17.18735,7.2
8,2025-06-21,168,1.49426,166.50574,5.34744,12.6
9,2025-06-21,144,1.04568,142.95432,8.63963,10.8
10,2025-06-21,120,0.09282,119.90718,20.90434,9.0
11,2025-06-21,120,0.20367,119.79633,7.12292,9.0
12,2025-06-21,72,1.86493,70.13507,10.60322,5.4
13,2025-06-21,72,0.91389,71.08611,2.81406,5.4
14,2025-06-21,120,1.16194,118.83806,30.55663,9.0
15,2025-06-21,72,10.51281,61.48719,34.88453,5.4
16,2025-06-21,192,0.90925,191.09075,13.25519,14.4
17,2025-06-21,192,0.65581,191.34419,49.69583,14.4
18,2025-06-21,96,3.31892,92.68108,16.93621,7.2
19,2025-06-21,120,1.23666,118.76334,17.1305,9.0
20,2025-06-21,168,2.10343,165.89657,1.41283,12.6
21,2025-06-21,96,1.96716,94.03284,1.05963,7.2
22,2025-06-21,96,0.43573,95.56427,1.8551,7.2
23,2025-06-21,120,0.6553,119.3447,4.15121,9.0
24,2025-06-21,96,0.0027,95.9973,11.11749,7.2
1,2025-06-22,72,6.2241,65.7759,2.69895,5.4
2,2025-06-22,144,0.47795,143.52205,22.07744,10.8
3,2025-06-22,192,0.05587,191.94413,8.46532,14.4
4,2025-06-22,120,0.02961,119.97039,31.80535,9.0
5,2025-06-22,168,0.4474,167.5526,7.87647,12.6
6,2025-06-22,144,0.00023,143.99977,5.99179,10.8
7,2025-06-22,96,1.44251,94.55749,10.28616,7.2
8,2025-06-22,168,1.68836,166.31164,6.03535,12.6
9,2025-06-22,144,1.39536,142.60464,7.00453,10.8
10,2025-06-22,120,0.94944,119.05056,15.35448,9.0
11,2025-06-22,120,0.95785,119.04215,6.2717,9.0
12,2025-06-22,72,0.51925,71.48075,5.38747,5.4
13,2025-06-22,72,0.76232,71.23768,11.04064,5.4
14,2025-06-22,120,1.16162,118.83838,27.19474,9.0
15,2025-06-22,72,3.91916,68.08084,17.806,5.4
16,2025-06-22,192,1.83512,190.16488,8.84085,14.4
17,2025-06-22,192,2.78842,189.21158,45.5501,14.4
18,2025-06-22,96,5.66981,90.33019,30.14608,7.2
19,2025-06-22,120,2.3508,117.6492,15.0051,9.0
20,2025-06-22,168,3.82947,164.17053,3.09148,12.6
21,2025-06-22,96,0.53799,95.46201,2.32907,7.2
22,2025-06-22,96,2.06178,93.93822,4.7597,7.2
23,2025-06-22,120,4.02575,115.97425,4.11615,9.0
24,2025-06-22,96,0.39194,95.60806,4.54959,7.2
1,2025-06-23,72,0.69034,71.30966,3.72236,5.4
2,2025-06-23,144,1.22523,142.77477,26.63455,10.8
3,2025-06-23,192,0.09003,191.90997,11.82405,14.4
4,2025-06-23,120,0.593,119.407,22.04197,9.0
5,2025-06-23,168,0.61239,167.38761,6.50051,12.6
6,2025-06-23,144,1.24061,142.75939,3.14933,10.8
7,2025-06-23,96,0.25882,95.74118,6.90511,7.2
8,2025-06-23,168,0.92391,167.07609,5.7092,12.6
9,2025-06-23,144,0.75265,143.24735,8.10548,10.8
10,2025-06-23,120,3.04742,116.95258,18.81227,9.0
11,2025-06-23,120,1.36664,118.63336,6.37203,9.0
12,2025-06-23,72,0.41376,71.58624,5.89774,5.4
13,2025-06-23,72,1.37847,70.62153,6.99738,5.4
14,2025-06-23,120,0.22232,119.77768,29.27744,9.0
15,2025-06-23,72,6.42353,65.57647,18.51589,5.4
16,2025-06-23,192,5.88941,186.11059,7.477,14.4
17,2025-06-23,192,1.20672,190.79328,41.11273,14.4
18,2025-06-23,96,0.71292,95.28708,31.00703,7.2
19,2025-06-23,120,3.50511,116.49489,19.08521,9.0
20,2025-06-23,168,0.24137,167.75863,3.7964,12.6
21,2025-06-23,96,0.26283,95.73717,4.10049,7.2
22,2025-06-23,96,0.14263,95.85737,2.1365,7.2
23,2025-06-23,120,3.06098,116.93902,4.0599,9.0
24,2025-06-23,96,1.95529,94.04471,12.47194,7.2
1,2025-06-24,72,0.49633,71.50367,1.17511,5.4
2,2025-06-24,144,0.02184,143.97816,35.35814,10.8
3,2025-06-24,192,0.31853,191.68147,6.02207,14.4
4,2025-06-24,120,0.19369,119.80631,22.37529,9.0
5,2025-06-24,168,4.17489,163.82511,7.55992,12.6
6,2025-06-24,144,0.44108,143.55892,3.60698,10.8
7,2025-06-24,96,2.9237,93.0763,15.72026,7.2
8,2025-06-24,168,0.70569,167.29431,4.70836,12.6
9,2025-06-24,144,0.45334,143.54666,6.95997,10.8
10,2025-06-24,120,2.3336,117.6664,8.07471,9.0
11,2025-06-24,120,1.39862,118.60138,5.62139,9.0
12,2025-06-24,72,5.6374,66.3626,3.22583,5.4
13,2025-06-24,72,0.04088,71.95912,4.30673,5.4
14,2025-06-24,120,4.48024,115.51976,20.68791,9.0
15,2025-06-24,72,0.36423,71.63577,14.55196,5.4
16,2025-06-24,192,0.6044,191.3956,14.5622,14.4
17,2025-06-24,192,0.59335,191.40665,33.51025,14.4
18,2025-06-24,96,5.61507,90.38493,25.54791,7.2
19,2025-06-24,120,0.02251,119.97749,23.38534,9.0
20,2025-06-24,168,0.10708,167.89292,3.94829,12.6
21,2025-06-24,96,0.11629,95.88371,2.30374,7.2
22,2025-06-24,96,0.17432,95.82568,2.17165,7.2
23,2025-06-24,120,0.01767,119.98233,2.71231,9.0
24,2025-06-24,96,0.18149,95.81851,14.47889,7.2
1,2025-06-25,72,0.51225,71.48775,5.03469,5.4
2,2025-06-25,144,1.01817,142.98183,14.3768,10.8
3,2025-06-25,192,1.28994,190.71006,9.57538,14.4
4,2025-06-25,120,1.94394,118.05606,18.98211,9.0
5,2025-06-25,168,1.92508,166.07492,5.95389,12.6
6,2025-06-25,144,0.80596,143.19404,5.20705,10.8
7,2025-06-25,96,0.22508,95.77492,10.87482,7.2
8,2025-06-25,168,0.29491,167.70509,4.24091,12.6
9,2025-06-25,144,0.86664,143.13336,7.40245,10.8
10,2025-06-25,120,1.14585,118.85415,16.59802,9.0
11,2025-06-25,120,0.47072,119.52928,2.92913,9.0
12,2025-06-25,72,1.48387,70.51613,7.35782,5.4
13,2025-06-25,72,0.11562,71.88438,10.81116,5.4
14,2025-06-25,120,1.47395,118.52605,39.24424,9.0
15,2025-06-25,72,0.38836,71.61164,17.51285,5.4
16,2025-06-25,192,5.61977,186.38023,12.76719,14.4
17,2025-06-25,192,2.27745,189.72255,42.18417,14.4
18,2025-06-25,96,7.91192,88.08808,41.47738,7.2
19,2025-06-25,120,4.3492,115.6508,15.50196,9.0
20,2025-06-25,168,2.3146,165.6854,1.58037,12.6
21,2025-06-25,96,0.77221,95.22779,1.12228,7.2
22,2025-06-25,96,2.99619,93.00381,3.12375,7.2
23,2025-06-25,120,0.08302,119.91698,8.81759,9.0
24,2025-06-25,96,1.74997,94.25003,7.3974,7.2
1,2025-06-26,72,1.24353,70.75647,5.05187,5.4
2,2025-06-26,144,0.00073,143.99927,19.72851,10.8
3,2025-06-26,192,1.38455,190.61545,13.48208,14.4
4,2025-06-26,120,2.50278,117.49722,29.4064,9.0
5,2025-06-26,168,1.09731,166.90269,8.59582,12.6
6,2025-06-26,144,1.83325,142.16675,4.65865,10.8
7,2025-06-26,96,0.38381,95.61619,12.21426,7.2
8,2025-06-26,168,1.81455,166.18545,3.65291,12.6
9,2025-06-26,144,0.0046,143.9954,3.76024,10.8
10,2025-06-26,120,0.07687,119.92313,12.07965,9.0
11,2025-06-26,120,0.90344,119.09656,3.65585,9.0
12,2025-06-26,72,6.77287,65.22713,0.0,5.4
13,2025-06-26,72,0.07113,71.92887,7.70781,5.4
14,2025-06-26,120,3.44258,116.55742,27.92716,9.0
15,2025-06-26,72,0.59492,71.40508,14.46936,5.4
16,2025-06-26,192,5.96127,186.03873,13.59659,14.4
17,2025-06-26,192,10.74027,181.25973,39.7832,14.4
18,2025-06-26,96,0.03505,95.96495,16.72108,7.2
19,2025-06-26,120,4.42487,115.57513,4.80266,9.0
20,2025-06-26,168,0.56393,167.43607,4.64909,12.6
21,2025-06-26,96,2.71506,93.28494,1.9448,7.2
22,2025-06-26,96,0.72133,95.27867,3.21729,7.2
23,2025-06-26,120,0.10759,119.89241,0.90082,9.0
24,2025-06-26,96,0.0013,95.9987,6.05719,7.2
1,2025-06-27,72,0.23056,71.76944,2.20648,5.4
2,2025-06-27,144,0.95228,143.04772,22.92209,10.8
3,2025-06-27,192,0.41102,191.58898,6.46754,14.4
4,2025-06-27,120,0.80415,119.19585,25.44776,9.0
5,2025-06-27,168,3.45071,164.54929,10.9347,12.6
6,2025-06-27,144,0.91537,143.08463,7.81232,10.8
7,2025-06-27,96,1.71813,94.28187,15.20694,7.2
8,2025-06-27,168,0.07722,167.92278,4.15822,12.6
9,2025-06-27,144,0.3529,143.6471,2.74438,10.8
10,2025-06-27,120,0.0188,119.9812,4.61055,9.0
11,2025-06-27,120,5.47358,114.52642,5.42657,9.0
12,2025-06-27,72,0.23418,71.76582,13.37679,5.4
13,2025-06-27,72,1.07687,70.92313,9.68283,5.4
14,2025-06-27,120,0.42342,119.57658,18.29573,9.0
15,2025-06-27,72,0.5829,71.4171,13.68507,5.4
16,2025-06-27,192,0.07014,191.92986,13.55032,14.4
17,2025-06-27,192,0.07272,191.92728,23.89873,14.4
18,2025-06-27,96,1.12042,94.87958,29.66371,7.2
19,2025-06-27,120,5.5528,114.4472,9.25813,9.0
20,2025-06-27,168,0.04843,167.95157,3.12642,12.6
21,2025-06-27,96,0.45113,95.54887,3.36489,7.2
22,2025-06-27,96,0.71908,95.28092,4.09266,7.2
23,2025-06-27,120,0.13896,119.86104,4.68895,9.0
24,2025-06-27,96,0.02431,95.97569,7.40609,7.2
1,2025-06-28,72,1.09399,70.90601,1.87731,5.4
2,2025-06-28,144,0.78854,143.21146,21.41971,10.8
3,2025-06-28,192,5.80826,186.19174,7.47965,14.4
4,2025-06-28,120,1.32366,118.67634,19.93199,9.0
5,2025-06-28,168,1.10942,166.89058,7.71638,12.6
6,2025-06-28,144,1.73611,142.26389,7.86939,10.8
7,2025-06-28,96,0.0002,95.9998,17.29994,7.2
8,2025-06-28,168,0.06778,167.93222,2.71782,12.6
9,2025-06-28,144,0.75607,143.24393,8.55509,10.8
10,2025-06-28,120,0.04636,119.95364,16.3512,9.0
11,2025-06-28,120,0.21147,119.78853,6.36953,9.0
12,2025-06-28,72,2.28607,69.71393,4.28216,5.4
13,2025-06-28,72,0.85934,71.14066,8.68488,5.4
14,2025-06-28,120,1.04654,118.95346,22.65221,9.0
15,2025-06-28,72,2.27937,69.72063,21.7889,5.4
16,2025-06-28,192,0.48388,191.51612,15.81603,14.4
17,2025-06-28,192,0.09018,191.90982,47.67546,14.4
18,2025-06-28,96,3.66799,92.33201,22.79157,7.2
19,2025-06-28,120,0.06615,119.93385,10.66897,9.0
20,2025-06-28,168,4.80023,163.19977,4.6839,12.6
21,2025-06-28,96,2.47475,93.52525,2.82705,7.2
22,2025-06-28,96,4.17961,91.82039,0.9867,7.2
23,2025-06-28,120,3.12919,116.87081,4.64178,9.0
24,2025-06-28,96,0.15076,95.84924,3.50817,7.2
1,2025-06-29,72,0.01603,71.98397,2.5919,5.4
2,2025-06-29,144,0.02056,143.97944,20.99438,10.8
3,2025-06-29,192,2.40086,189.59914,9.40419,14.4
4,2025-06-29,120,0.06591,119.93409,24.51886,9.0
5,2025-06-29,168,0.90765,167.09235,6.67518,12.6
6,2025-06-29,144,3.29521,140.70479,3.21368,10.8
7,2025-06-29,96,1.46385,94.53615,11.67046,7.2
8,2025-06-29,168,1.99668,166.00332,5.82159,12.6
9,2025-06-29,144,1.31906,142.68094,3.81592,10.8
10,2025-06-29,120,2.79968,117.20032,9.97024,9.0
11,2025-06-29,120,0.4373,119.5627,5.23101,9.0
12,2025-06-29,72,0.01083,71.98917,5.51535,5.4
13,2025-06-29,72,0.83724,71.16276,4.15763,5.4
14,2025-06-29,120,0.77064,119.22936,41.54678,9.0
15,2025-06-29,72,0.68168,71.31832,18.31324,5.4
16,2025-06-29,192,0.19607,191.80393,10.97614,14.4
17,2025-06-29,192,0.17483,191.82517,38.59757,14.4
18,2025-06-29,96,3.27534,92.72466,14.76606,7.2
19,2025-06-29,120,0.14715,119.85285,17.00434,9.0
20,2025-06-29,168,1.41301,166.58699,7.40432,12.6
21,2025-06-29,96,2.00647,93.99353,2.78251,7.2
22,2025-06-29,96,0.60885,95.39115,5.04706,7.2
23,2025-06-29,120,0.17551,119.82449,8.58823,9.0
24,2025-06-29,96,0.00228,95.99772,15.7468,7.2
1,2025-06-30,72,0.1119,71.8881,4.05592,5.4
2,2025-06-30,144,2.07729,141.92271,27.94024,10.8
3,2025-06-30,192,0.20546,191.79454,6.01608,14.4
4,2025-06-30,120,0.00051,119.99949,17.24433,9.0
5,2025-06-30,168,0.31903,167.68097,11.25579,12.6
6,2025-06-30,144,0.78219,143.21781,6.62886,10.8
7,2025-06-30,96,0.08891,95.91109,13.28,7.2
8,2025-06-30,168,0.46235,167.53765,6.35906,12.6
9,2025-06-30,144,0.5462,143.4538,2.03281,10.8
10,2025-06-30,120,5.55604,114.44396,11.95007,9.0
11,2025-06-30,120,0.00035,119.99965,5.77696,9.0
12,2025-06-30,72,1.37715,70.62285,3.60374,5.4
13,2025-06-30,72,0.37869,71.62131,2.15987,5.4
14,2025-06-30,120,0.67671,119.32329,20.66483,9.0
15,2025-06-30,72,2.35643,69.64357,15.63013,5.4
16,2025-06-30,192,1.12958,190.87042,8.68563,14.4
17,2025-06-30,192,0.30618,191.69382,41.85302,14.4
18,2025-06-30,96,0.94415,95.05585,12.41227,7.2
19,2025-06-30,120,0.66933,119.33067,8.69195,9.0
20,2025-06-30,168,4.3947,163.6053,2.95699,12.6
21,2025-06-30,96,1.4951,94.5049,4.19031,7.2
22,2025-06-30,96,1.27858,94.72142,3.79297,7.2
23,2025-06-30,120,0.35875,119.64125,3.90041,9.0
24,2025-06-30,96,0.99107,95.00893,13.45053,7.2
